year,state,population,State,Abbrev,Code
1969,AK,294290,Alaska,Alaska,AK
1969,AL,3411611,Alabama,Ala.,AL
1969,AR,1893768,Arkansas,Ark.,AR
1969,AZ,1702945,Arizona,Ariz.,AZ
1969,CA,19745905,California,Calif.,CA
1969,CO,2153153,Colorado,Colo.,CO
1969,CT,3014615,Connecticut,Conn.,CT
1969,DC,760291,District of Columbia,D.C.,DC
1969,DE,537811,Delaware,Del.,DE
1969,FL,6567950,Florida,Fla.,FL
1969,GA,4513265,Georgia,Ga.,GA
1969,HI,751103,Hawaii,Hawaii,HI
1969,IA,2809783,Iowa,Iowa,IA
1969,ID,697487,Idaho,Idaho,ID
1969,IL,11052819,Illinois,Ill.,IL
1969,IN,5162578,Indiana,Ind.,IN
1969,KS,2250328,Kansas,Kans.,KS
1969,KY,3173740,Kentucky,Ky.,KY
1969,LA,3604367,Louisiana,La.,LA
1969,MA,5659435,Massachusetts,Mass.,MA
1969,MD,3864521,Maryland,Md.,MD
1969,ME,980609,Maine,Maine,ME
1969,MI,8827833,Michigan,Mich.,MI
1969,MN,3778923,Minnesota,Minn.,MN
1969,MO,4650329,Missouri,Mo.,MO
1969,MS,2187159,Mississippi,Miss.,MS
1969,MT,684222,Montana,Mont.,MT
1969,NC,5013668,North Carolina,N.C.,NC
1969,ND,612454,North Dakota,N.D.,ND
1969,NE,1473784,Nebraska,Nebr.,NE
1969,NH,722955,New Hampshire,N.H.,NH
1969,NJ,7104428,New Jersey,N.J.,NJ
1969,NM,995273,New Mexico,N.M.,NM
1969,NV,469977,Nevada,Nev.,NV
1969,NY,18167105,New York,N.Y.,NY
1969,OH,10610728,Ohio,Ohio,OH
1969,OK,2523771,Oklahoma,Okla.,OK
1969,OR,2056379,Oregon,Ore.,OR
1969,PA,11750369,Pennsylvania,Pa.,PA
1969,RI,941122,Rhode Island,R.I.,RI
1969,SC,2547708,South Carolina,S.C.,SC
1969,SD,663081,South Dakota,S.D.,SD
1969,TN,3874872,Tennessee,Tenn.,TN
1969,TX,11010547,Texas,Tex.,TX
1969,UT,1034450,Utah,Utah,UT
1969,VA,4589746,Virginia,Va.,VA
1969,VT,438948,Vermont,Vt.,VT
1969,WA,3392905,Washington,Wash.,WA
1969,WI,4392904,Wisconsin,Wis.,WI
1969,WV,1728411,West Virginia,W.Va.,WV
1969,WY,327809,Wyoming,Wyo.,WY
1970,AK,305328,Alaska,Alaska,AK
1970,AL,3454557,Alabama,Ala.,AL
1970,AR,1932816,Arkansas,Ark.,AR
1970,AZ,1799531,Arizona,Ariz.,AZ
1970,CA,20045806,California,Calif.,CA
1970,CO,2228340,Colorado,Colo.,CO
1970,CT,3038035,Connecticut,Conn.,CT
1970,DC,755466,District of Columbia,D.C.,DC
1970,DE,551509,Delaware,Del.,DE
1970,FL,6865460,Florida,Fla.,FL
1970,GA,4611479,Georgia,Ga.,GA
1970,HI,776177,Hawaii,Hawaii,HI
1970,IA,2830777,Iowa,Iowa,IA
1970,ID,718147,Idaho,Idaho,ID
1970,IL,11129316,Illinois,Ill.,IL
1970,IN,5206262,Indiana,Ind.,IN
1970,KS,2248359,Kansas,Kans.,KS
1970,KY,3236121,Kentucky,Ky.,KY
1970,LA,3657391,Louisiana,La.,LA
1970,MA,5699034,Massachusetts,Mass.,MA
1970,MD,3943493,Maryland,Md.,MD
1970,ME,998135,Maine,Maine,ME
1970,MI,8899844,Michigan,Mich.,MI
1970,MN,3815381,Minnesota,Minn.,MN
1970,MO,4686588,Missouri,Mo.,MO
1970,MS,2226138,Mississippi,Miss.,MS
1970,MT,697665,Montana,Mont.,MT
1970,NC,5107138,North Carolina,N.C.,NC
1970,ND,619616,North Dakota,N.D.,ND
1970,NE,1489064,Nebraska,Nebr.,NE
1970,NH,742566,New Hampshire,N.H.,NH
1970,NJ,7193210,New Jersey,N.J.,NJ
1970,NM,1024290,New Mexico,N.M.,NM
1970,NV,494996,Nevada,Nev.,NV
1970,NY,18266034,New York,N.Y.,NY
1970,OH,10672784,Ohio,Ohio,OH
1970,OK,2570926,Oklahoma,Okla.,OK
1970,OR,2103151,Oregon,Ore.,OR
1970,PA,11817397,Pennsylvania,Pa.,PA
1970,RI,952555,Rhode Island,R.I.,RI
1970,SC,2604662,South Carolina,S.C.,SC
1970,SD,667299,South Dakota,S.D.,SD
1970,TN,3942583,Tennessee,Tenn.,TN
1970,TX,11260221,Texas,Tex.,TX
1970,UT,1067600,Utah,Utah,UT
1970,VA,4671101,Virginia,Va.,VA
1970,VT,446649,Vermont,Vt.,VT
1970,WA,3419974,Washington,Wash.,WA
1970,WI,4426419,Wisconsin,Wis.,WI
1970,WV,1749347,West Virginia,W.Va.,WV
1970,WY,333928,Wyoming,Wyo.,WY
1971,AK,316366,Alaska,Alaska,AK
1971,AL,3497349,Alabama,Ala.,AL
1971,AR,1971940,Arkansas,Ark.,AR
1971,AZ,1896117,Arizona,Ariz.,AZ
1971,CA,20345724,California,Calif.,CA
1971,CO,2303608,Colorado,Colo.,CO
1971,CT,3061455,Connecticut,Conn.,CT
1971,DC,750641,District of Columbia,D.C.,DC
1971,DE,565207,Delaware,Del.,DE
1971,FL,7162971,Florida,Fla.,FL
1971,GA,4709721,Georgia,Ga.,GA
1971,HI,801251,Hawaii,Hawaii,HI
1971,IA,2851875,Iowa,Iowa,IA
1971,ID,738856,Idaho,Idaho,ID
1971,IL,11205953,Illinois,Ill.,IL
1971,IN,5250028,Indiana,Ind.,IN
1971,KS,2246461,Kansas,Kans.,KS
1971,KY,3298565,Kentucky,Ky.,KY
1971,LA,3710415,Louisiana,La.,LA
1971,MA,5738634,Massachusetts,Mass.,MA
1971,MD,4022470,Maryland,Md.,MD
1971,ME,1015679,Maine,Maine,ME
1971,MI,8971957,Michigan,Mich.,MI
1971,MN,3851972,Minnesota,Minn.,MN
1971,MO,4722984,Missouri,Mo.,MO
1971,MS,2265118,Mississippi,Miss.,MS
1971,MT,711153,Montana,Mont.,MT
1971,NC,5200624,North Carolina,N.C.,NC
1971,ND,626814,North Dakota,N.D.,ND
1971,NE,1504425,Nebraska,Nebr.,NE
1971,NH,762190,New Hampshire,N.H.,NH
1971,NJ,7281992,New Jersey,N.J.,NJ
1971,NM,1053333,New Mexico,N.M.,NM
1971,NV,520027,Nevada,Nev.,NV
1971,NY,18364991,New York,N.Y.,NY
1971,OH,10734897,Ohio,Ohio,OH
1971,OK,2618115,Oklahoma,Okla.,OK
1971,OR,2149942,Oregon,Ore.,OR
1971,PA,11884462,Pennsylvania,Pa.,PA
1971,RI,963988,Rhode Island,R.I.,RI
1971,SC,2661616,South Carolina,S.C.,SC
1971,SD,671564,South Dakota,S.D.,SD
1971,TN,4010338,Tennessee,Tenn.,TN
1971,TX,11510036,Texas,Tex.,TX
1971,UT,1100798,Utah,Utah,UT
1971,VA,4752480,Virginia,Va.,VA
1971,VT,454378,Vermont,Vt.,VT
1971,WA,3447070,Washington,Wash.,WA
1971,WI,4460012,Wisconsin,Wis.,WI
1971,WV,1770346,West Virginia,W.Va.,WV
1971,WY,340058,Wyoming,Wyo.,WY
1972,AK,326431,Alaska,Alaska,AK
1972,AL,3540003,Alabama,Ala.,AL
1972,AR,2017987,Arkansas,Ark.,AR
1972,AZ,2008852,Arizona,Ariz.,AZ
1972,CA,20584918,California,Calif.,CA
1972,CO,2404715,Colorado,Colo.,CO
1972,CT,3069631,Connecticut,Conn.,CT
1972,DC,743778,District of Columbia,D.C.,DC
1972,DE,573824,Delaware,Del.,DE
1972,FL,7520382,Florida,Fla.,FL
1972,GA,4806621,Georgia,Ga.,GA
1972,HI,827610,Hawaii,Hawaii,HI
1972,IA,2860464,Iowa,Iowa,IA
1972,ID,763315,Idaho,Idaho,ID
1972,IL,11258208,Illinois,Ill.,IL
1972,IN,5296219,Indiana,Ind.,IN
1972,KS,2255791,Kansas,Kans.,KS
1972,KY,3336275,Kentucky,Ky.,KY
1972,LA,3761799,Louisiana,La.,LA
1972,MA,5762150,Massachusetts,Mass.,MA
1972,MD,4081123,Maryland,Md.,MD
1972,ME,1034816,Maine,Maine,ME
1972,MI,9024729,Michigan,Mich.,MI
1972,MN,3866890,Minnesota,Minn.,MN
1972,MO,4753328,Missouri,Mo.,MO
1972,MS,2306980,Mississippi,Miss.,MS
1972,MT,719272,Montana,Mont.,MT
1972,NC,5296063,North Carolina,N.C.,NC
1972,ND,631073,North Dakota,N.D.,ND
1972,NE,1518356,Nebraska,Nebr.,NE
1972,NH,781710,New Hampshire,N.H.,NH
1972,NJ,7336570,New Jersey,N.J.,NJ
1972,NM,1077889,New Mexico,N.M.,NM
1972,NV,546805,Nevada,Nev.,NV
1972,NY,18351888,New York,N.Y.,NY
1972,OH,10747042,Ohio,Ohio,OH
1972,OK,2657777,Oklahoma,Okla.,OK
1972,OR,2195316,Oregon,Ore.,OR
1972,PA,11904626,Pennsylvania,Pa.,PA
1972,RI,976384,Rhode Island,R.I.,RI
1972,SC,2718294,South Carolina,S.C.,SC
1972,SD,677476,South Dakota,S.D.,SD
1972,TN,4088549,Tennessee,Tenn.,TN
1972,TX,11759213,Texas,Tex.,TX
1972,UT,1134632,Utah,Utah,UT
1972,VA,4827910,Virginia,Va.,VA
1972,VT,463212,Vermont,Vt.,VT
1972,WA,3446895,Washington,Wash.,WA
1972,WI,4498455,Wisconsin,Wis.,WI
1972,WV,1796949,West Virginia,W.Va.,WV
1972,WY,346893,Wyoming,Wyo.,WY
1973,AK,333134,Alaska,Alaska,AK
1973,AL,3580759,Alabama,Ala.,AL
1973,AR,2058402,Arkansas,Ark.,AR
1973,AZ,2125305,Arizona,Ariz.,AZ
1973,CA,20867894,California,Calif.,CA
1973,CO,2495942,Colorado,Colo.,CO
1973,CT,3069158,Connecticut,Conn.,CT
1973,DC,733677,District of Columbia,D.C.,DC
1973,DE,579100,Delaware,Del.,DE
1973,FL,7927232,Florida,Fla.,FL
1973,GA,4906450,Georgia,Ga.,GA
1973,HI,850517,Hawaii,Hawaii,HI
1973,IA,2864033,Iowa,Iowa,IA
1973,ID,782142,Idaho,Idaho,ID
1973,IL,11260386,Illinois,Ill.,IL
1973,IN,5329163,Indiana,Ind.,IN
1973,KS,2264585,Kansas,Kans.,KS
1973,KY,3371741,Kentucky,Ky.,KY
1973,LA,3788684,Louisiana,La.,LA
1973,MA,5783836,Massachusetts,Mass.,MA
1973,MD,4109069,Maryland,Md.,MD
1973,ME,1046432,Maine,Maine,ME
1973,MI,9071832,Michigan,Mich.,MI
1973,MN,3885200,Minnesota,Minn.,MN
1973,MO,4774667,Missouri,Mo.,MO
1973,MS,2349565,Mississippi,Miss.,MS
1973,MT,727504,Montana,Mont.,MT
1973,NC,5382396,North Carolina,N.C.,NC
1973,ND,632500,North Dakota,N.D.,ND
1973,NE,1528599,Nebraska,Nebr.,NE
1973,NH,801832,New Hampshire,N.H.,NH
1973,NJ,7335280,New Jersey,N.J.,NJ
1973,NM,1104347,New Mexico,N.M.,NM
1973,NV,568946,Nevada,Nev.,NV
1973,NY,18194899,New York,N.Y.,NY
1973,OH,10767335,Ohio,Ohio,OH
1973,OK,2694412,Oklahoma,Okla.,OK
1973,OR,2238985,Oregon,Ore.,OR
1973,PA,11885290,Pennsylvania,Pa.,PA
1973,RI,978018,Rhode Island,R.I.,RI
1973,SC,2775339,South Carolina,S.C.,SC
1973,SD,678998,South Dakota,S.D.,SD
1973,TN,4138628,Tennessee,Tenn.,TN
1973,TX,12019599,Texas,Tex.,TX
1973,UT,1168826,Utah,Utah,UT
1973,VA,4906505,Virginia,Va.,VA
1973,VT,468547,Vermont,Vt.,VT
1973,WA,3477308,Washington,Wash.,WA
1973,WI,4518503,Wisconsin,Wis.,WI
1973,WV,1805347,West Virginia,W.Va.,WV
1973,WY,353385,Wyoming,Wyo.,WY
1974,AK,344658,Alaska,Alaska,AK
1974,AL,3627778,Alabama,Ala.,AL
1974,AR,2100229,Arkansas,Ark.,AR
1974,AZ,2224356,Arizona,Ariz.,AZ
1974,CA,21172684,California,Calif.,CA
1974,CO,2541424,Colorado,Colo.,CO
1974,CT,3075790,Connecticut,Conn.,CT
1974,DC,720758,District of Columbia,D.C.,DC
1974,DE,583149,Delaware,Del.,DE
1974,FL,8317073,Florida,Fla.,FL
1974,GA,4994465,Georgia,Ga.,GA
1974,HI,866559,Hawaii,Hawaii,HI
1974,IA,2867942,Iowa,Iowa,IA
1974,ID,808043,Idaho,Idaho,ID
1974,IL,11273801,Illinois,Ill.,IL
1974,IN,5349955,Indiana,Ind.,IN
1974,KS,2268075,Kansas,Kans.,KS
1974,KY,3417229,Kentucky,Ky.,KY
1974,LA,3820684,Louisiana,La.,LA
1974,MA,5777027,Massachusetts,Mass.,MA
1974,MD,4133329,Maryland,Md.,MD
1974,ME,1060069,Maine,Maine,ME
1974,MI,9109456,Michigan,Mich.,MI
1974,MN,3898512,Minnesota,Minn.,MN
1974,MO,4785480,Missouri,Mo.,MO
1974,MS,2378460,Mississippi,Miss.,MS
1974,MT,737316,Montana,Mont.,MT
1974,NC,5461082,North Carolina,N.C.,NC
1974,ND,634267,North Dakota,N.D.,ND
1974,NE,1537905,Nebraska,Nebr.,NE
1974,NH,817071,New Hampshire,N.H.,NH
1974,NJ,7335230,New Jersey,N.J.,NJ
1974,NM,1129663,New Mexico,N.M.,NM
1974,NV,596747,Nevada,Nev.,NV
1974,NY,18072890,New York,N.Y.,NY
1974,OH,10765749,Ohio,Ohio,OH
1974,OK,2732590,Oklahoma,Okla.,OK
1974,OR,2281008,Oregon,Ore.,OR
1974,PA,11864002,Pennsylvania,Pa.,PA
1974,RI,953519,Rhode Island,R.I.,RI
1974,SC,2843112,South Carolina,S.C.,SC
1974,SD,679892,South Dakota,S.D.,SD
1974,TN,4201789,Tennessee,Tenn.,TN
1974,TX,12268221,Texas,Tex.,TX
1974,UT,1198852,Utah,Utah,UT
1974,VA,4978036,Virginia,Va.,VA
1974,VT,473148,Vermont,Vt.,VT
1974,WA,3547959,Washington,Wash.,WA
1974,WI,4538220,Wisconsin,Wis.,WI
1974,WV,1814115,West Virginia,W.Va.,WV
1974,WY,364575,Wyoming,Wyo.,WY
1975,AK,370866,Alaska,Alaska,AK
1975,AL,3680495,Alabama,Ala.,AL
1975,AR,2158257,Arkansas,Ark.,AR
1975,AZ,2286342,Arizona,Ariz.,AZ
1975,CA,21536811,California,Calif.,CA
1975,CO,2586243,Colorado,Colo.,CO
1975,CT,3084745,Connecticut,Conn.,CT
1975,DC,710304,District of Columbia,D.C.,DC
1975,DE,588737,Delaware,Del.,DE
1975,FL,8541584,Florida,Fla.,FL
1975,GA,5058099,Georgia,Ga.,GA
1975,HI,884406,Hawaii,Hawaii,HI
1975,IA,2881482,Iowa,Iowa,IA
1975,ID,832061,Idaho,Idaho,ID
1975,IL,11306443,Illinois,Ill.,IL
1975,IN,5351155,Indiana,Ind.,IN
1975,KS,2278947,Kansas,Kans.,KS
1975,KY,3468957,Kentucky,Ky.,KY
1975,LA,3886835,Louisiana,La.,LA
1975,MA,5762168,Massachusetts,Mass.,MA
1975,MD,4157172,Maryland,Md.,MD
1975,ME,1073287,Maine,Maine,ME
1975,MI,9107933,Michigan,Mich.,MI
1975,MN,3925808,Minnesota,Minn.,MN
1975,MO,4795560,Missouri,Mo.,MO
1975,MS,2399711,Mississippi,Miss.,MS
1975,MT,749209,Montana,Mont.,MT
1975,NC,5535035,North Carolina,N.C.,NC
1975,ND,638605,North Dakota,N.D.,ND
1975,NE,1541653,Nebraska,Nebr.,NE
1975,NH,830038,New Hampshire,N.H.,NH
1975,NJ,7341399,New Jersey,N.J.,NJ
1975,NM,1162743,New Mexico,N.M.,NM
1975,NV,619877,Nevada,Nev.,NV
1975,NY,18032337,New York,N.Y.,NY
1975,OH,10770620,Ohio,Ohio,OH
1975,OK,2771958,Oklahoma,Okla.,OK
1975,OR,2324646,Oregon,Ore.,OR
1975,PA,11897884,Pennsylvania,Pa.,PA
1975,RI,946352,Rhode Island,R.I.,RI
1975,SC,2900130,South Carolina,S.C.,SC
1975,SD,681489,South Dakota,S.D.,SD
1975,TN,4260943,Tennessee,Tenn.,TN
1975,TX,12568317,Texas,Tex.,TX
1975,UT,1233990,Utah,Utah,UT
1975,VA,5056199,Virginia,Va.,VA
1975,VT,479897,Vermont,Vt.,VT
1975,WA,3618928,Washington,Wash.,WA
1975,WI,4569660,Wisconsin,Wis.,WI
1975,WV,1840660,West Virginia,W.Va.,WV
1975,WY,380537,Wyoming,Wyo.,WY
1976,AK,392998,Alaska,Alaska,AK
1976,AL,3737038,Alabama,Ala.,AL
1976,AR,2168656,Arkansas,Ark.,AR
1976,AZ,2347970,Arizona,Ariz.,AZ
1976,CA,21934604,California,Calif.,CA
1976,CO,2632370,Colorado,Colo.,CO
1976,CT,3085999,Connecticut,Conn.,CT
1976,DC,696305,District of Columbia,D.C.,DC
1976,DE,592753,Delaware,Del.,DE
1976,FL,8695198,Florida,Fla.,FL
1976,GA,5125734,Georgia,Ga.,GA
1976,HI,902061,Hawaii,Hawaii,HI
1976,IA,2903776,Iowa,Iowa,IA
1976,ID,857076,Idaho,Idaho,ID
1976,IL,11360331,Illinois,Ill.,IL
1976,IN,5371615,Indiana,Ind.,IN
1976,KS,2298892,Kansas,Kans.,KS
1976,KY,3530680,Kentucky,Ky.,KY
1976,LA,3951506,Louisiana,La.,LA
1976,MA,5748885,Massachusetts,Mass.,MA
1976,MD,4172112,Maryland,Md.,MD
1976,ME,1089964,Maine,Maine,ME
1976,MI,9117539,Michigan,Mich.,MI
1976,MN,3956673,Minnesota,Minn.,MN
1976,MO,4823715,Missouri,Mo.,MO
1976,MS,2430110,Mississippi,Miss.,MS
1976,MT,758597,Montana,Mont.,MT
1976,NC,5593340,North Carolina,N.C.,NC
1976,ND,645429,North Dakota,N.D.,ND
1976,NE,1549128,Nebraska,Nebr.,NE
1976,NH,847025,New Hampshire,N.H.,NH
1976,NJ,7344079,New Jersey,N.J.,NJ
1976,NM,1195208,New Mexico,N.M.,NM
1976,NV,646870,Nevada,Nev.,NV
1976,NY,17974781,New York,N.Y.,NY
1976,OH,10752843,Ohio,Ohio,OH
1976,OK,2823332,Oklahoma,Okla.,OK
1976,OR,2372217,Oregon,Ore.,OR
1976,PA,11887569,Pennsylvania,Pa.,PA
1976,RI,950328,Rhode Island,R.I.,RI
1976,SC,2941304,South Carolina,S.C.,SC
1976,SD,686917,South Dakota,S.D.,SD
1976,TN,4329200,Tennessee,Tenn.,TN
1976,TX,12903392,Texas,Tex.,TX
1976,UT,1272410,Utah,Utah,UT
1976,VA,5132519,Virginia,Va.,VA
1976,VT,485172,Vermont,Vt.,VT
1976,WA,3690628,Washington,Wash.,WA
1976,WI,4584747,Wisconsin,Wis.,WI
1976,WV,1877536,West Virginia,W.Va.,WV
1976,WY,395493,Wyoming,Wyo.,WY
1977,AK,397220,Alaska,Alaska,AK
1977,AL,3782571,Alabama,Ala.,AL
1977,AR,2207195,Arkansas,Ark.,AR
1977,AZ,2427296,Arizona,Ariz.,AZ
1977,CA,22350332,California,Calif.,CA
1977,CO,2696179,Colorado,Colo.,CO
1977,CT,3088745,Connecticut,Conn.,CT
1977,DC,681766,District of Columbia,D.C.,DC
1977,DE,594815,Delaware,Del.,DE
1977,FL,8888806,Florida,Fla.,FL
1977,GA,5211306,Georgia,Ga.,GA
1977,HI,915753,Hawaii,Hawaii,HI
1977,IA,2914404,Iowa,Iowa,IA
1977,ID,883539,Idaho,Idaho,ID
1977,IL,11406331,Illinois,Ill.,IL
1977,IN,5405151,Indiana,Ind.,IN
1977,KS,2318147,Kansas,Kans.,KS
1977,KY,3575221,Kentucky,Ky.,KY
1977,LA,4015423,Louisiana,La.,LA
1977,MA,5744117,Massachusetts,Mass.,MA
1977,MD,4194629,Maryland,Md.,MD
1977,ME,1105357,Maine,Maine,ME
1977,MI,9157357,Michigan,Mich.,MI
1977,MN,3979937,Minnesota,Minn.,MN
1977,MO,4845283,Missouri,Mo.,MO
1977,MS,2459607,Mississippi,Miss.,MS
1977,MT,771428,Montana,Mont.,MT
1977,NC,5668363,North Carolina,N.C.,NC
1977,ND,649294,North Dakota,N.D.,ND
1977,NE,1554759,Nebraska,Nebr.,NE
1977,NH,871873,New Hampshire,N.H.,NH
1977,NJ,7342023,New Jersey,N.J.,NJ
1977,NM,1225310,New Mexico,N.M.,NM
1977,NV,678154,Nevada,Nev.,NV
1977,NY,17851561,New York,N.Y.,NY
1977,OH,10771362,Ohio,Ohio,OH
1977,OK,2865865,Oklahoma,Okla.,OK
1977,OR,2439477,Oregon,Ore.,OR
1977,PA,11881959,Pennsylvania,Pa.,PA
1977,RI,955133,Rhode Island,R.I.,RI
1977,SC,2988908,South Carolina,S.C.,SC
1977,SD,689104,South Dakota,S.D.,SD
1977,TN,4401991,Tennessee,Tenn.,TN
1977,TX,13192014,Texas,Tex.,TX
1977,UT,1316443,Utah,Utah,UT
1977,VA,5205505,Virginia,Va.,VA
1977,VT,492180,Vermont,Vt.,VT
1977,WA,3772421,Washington,Wash.,WA
1977,WI,4613339,Wisconsin,Wis.,WI
1977,WV,1905696,West Virginia,W.Va.,WV
1977,WY,411606,Wyoming,Wyo.,WY
1978,AK,402051,Alaska,Alaska,AK
1978,AL,3833971,Alabama,Ala.,AL
1978,AR,2240956,Arkansas,Ark.,AR
1978,AZ,2517851,Arizona,Ariz.,AZ
1978,CA,22839038,California,Calif.,CA
1978,CO,2766843,Colorado,Colo.,CO
1978,CT,3094869,Connecticut,Conn.,CT
1978,DC,670045,District of Columbia,D.C.,DC
1978,DE,598183,Delaware,Del.,DE
1978,FL,9131410,Florida,Fla.,FL
1978,GA,5285688,Georgia,Ga.,GA
1978,HI,928804,Hawaii,Hawaii,HI
1978,IA,2919047,Iowa,Iowa,IA
1978,ID,911042,Idaho,Idaho,ID
1978,IL,11434520,Illinois,Ill.,IL
1978,IN,5446484,Indiana,Ind.,IN
1978,KS,2333141,Kansas,Kans.,KS
1978,KY,3611577,Kentucky,Ky.,KY
1978,LA,4073143,Louisiana,La.,LA
1978,MA,5742953,Massachusetts,Mass.,MA
1978,MD,4211619,Maryland,Md.,MD
1978,ME,1115461,Maine,Maine,ME
1978,MI,9202029,Michigan,Mich.,MI
1978,MN,4004738,Minnesota,Minn.,MN
1978,MO,4871354,Missouri,Mo.,MO
1978,MS,2487840,Mississippi,Miss.,MS
1978,MT,784108,Montana,Mont.,MT
1978,NC,5739221,North Carolina,N.C.,NC
1978,ND,650802,North Dakota,N.D.,ND
1978,NE,1561134,Nebraska,Nebr.,NE
1978,NH,893981,New Hampshire,N.H.,NH
1978,NJ,7356425,New Jersey,N.J.,NJ
1978,NM,1251898,New Mexico,N.M.,NM
1978,NV,719391,Nevada,Nev.,NV
1978,NY,17720503,New York,N.Y.,NY
1978,OH,10795544,Ohio,Ohio,OH
1978,OK,2912963,Oklahoma,Okla.,OK
1978,OR,2509658,Oregon,Ore.,OR
1978,PA,11864840,Pennsylvania,Pa.,PA
1978,RI,957247,Rhode Island,R.I.,RI
1978,SC,3041015,South Carolina,S.C.,SC
1978,SD,689368,South Dakota,S.D.,SD
1978,TN,4461690,Tennessee,Tenn.,TN
1978,TX,13497902,Texas,Tex.,TX
1978,UT,1364279,Utah,Utah,UT
1978,VA,5283888,Virginia,Va.,VA
1978,VT,498306,Vermont,Vt.,VT
1978,WA,3886250,Washington,Wash.,WA
1978,WI,4630998,Wisconsin,Wis.,WI
1978,WV,1920428,West Virginia,W.Va.,WV
1978,WY,430953,Wyoming,Wyo.,WY
1979,AK,403367,Alaska,Alaska,AK
1979,AL,3869340,Alabama,Ala.,AL
1979,AR,2269073,Arkansas,Ark.,AR
1979,AZ,2638572,Arizona,Ariz.,AZ
1979,CA,23255178,California,Calif.,CA
1979,CO,2849298,Colorado,Colo.,CO
1979,CT,3099931,Connecticut,Conn.,CT
1979,DC,655620,District of Columbia,D.C.,DC
1979,DE,598823,Delaware,Del.,DE
1979,FL,9470482,Florida,Fla.,FL
1979,GA,5390853,Georgia,Ga.,GA
1979,HI,950042,Hawaii,Hawaii,HI
1979,IA,2916824,Iowa,Iowa,IA
1979,ID,932725,Idaho,Idaho,ID
1979,IL,11422890,Illinois,Ill.,IL
1979,IN,5474976,Indiana,Ind.,IN
1979,KS,2347705,Kansas,Kans.,KS
1979,KY,3643920,Kentucky,Ky.,KY
1979,LA,4139128,Louisiana,La.,LA
1979,MA,5746212,Massachusetts,Mass.,MA
1979,MD,4223366,Maryland,Md.,MD
1979,ME,1124939,Maine,Maine,ME
1979,MI,9248893,Michigan,Mich.,MI
1979,MN,4038217,Minnesota,Minn.,MN
1979,MO,4889416,Missouri,Mo.,MO
1979,MS,2507743,Mississippi,Miss.,MS
1979,MT,789255,Montana,Mont.,MT
1979,NC,5801496,North Carolina,N.C.,NC
1979,ND,652317,North Dakota,N.D.,ND
1979,NE,1564670,Nebraska,Nebr.,NE
1979,NH,911900,New Hampshire,N.H.,NH
1979,NJ,7373065,New Jersey,N.J.,NJ
1979,NM,1280594,New Mexico,N.M.,NM
1979,NV,765194,Nevada,Nev.,NV
1979,NY,17633759,New York,N.Y.,NY
1979,OH,10798677,Ohio,Ohio,OH
1979,OK,2970069,Oklahoma,Okla.,OK
1979,OR,2578367,Oregon,Ore.,OR
1979,PA,11873663,Pennsylvania,Pa.,PA
1979,RI,956651,Rhode Island,R.I.,RI
1979,SC,3086840,South Carolina,S.C.,SC
1979,SD,689106,South Dakota,S.D.,SD
1979,TN,4533346,Tennessee,Tenn.,TN
1979,TX,13887550,Texas,Tex.,TX
1979,UT,1416142,Utah,Utah,UT
1979,VA,5324338,Virginia,Va.,VA
1979,VT,505730,Vermont,Vt.,VT
1979,WA,4012909,Washington,Wash.,WA
1979,WI,4665965,Wisconsin,Wis.,WI
1979,WV,1939112,West Virginia,W.Va.,WV
1979,WY,451894,Wyoming,Wyo.,WY
1980,AK,404680,Alaska,Alaska,AK
1980,AL,3899671,Alabama,Ala.,AL
1980,AR,2288809,Arkansas,Ark.,AR
1980,AZ,2735840,Arizona,Ariz.,AZ
1980,CA,23792840,California,Calif.,CA
1980,CO,2909545,Colorado,Colo.,CO
1980,CT,3114221,Connecticut,Conn.,CT
1980,DC,637161,District of Columbia,D.C.,DC
1980,DE,594936,Delaware,Del.,DE
1980,FL,9841159,Florida,Fla.,FL
1980,GA,5484427,Georgia,Ga.,GA
1980,HI,961525,Hawaii,Hawaii,HI
1980,IA,2915562,Iowa,Iowa,IA
1980,ID,948582,Idaho,Idaho,ID
1980,IL,11435454,Illinois,Ill.,IL
1980,IN,5492740,Indiana,Ind.,IN
1980,KS,2370088,Kansas,Kans.,KS
1980,KY,3665364,Kentucky,Ky.,KY
1980,LA,4221583,Louisiana,La.,LA
1980,MA,5748441,Massachusetts,Mass.,MA
1980,MD,4226191,Maryland,Md.,MD
1980,ME,1127825,Maine,Maine,ME
1980,MI,9256676,Michigan,Mich.,MI
1980,MN,4086746,Minnesota,Minn.,MN
1980,MO,4923025,Missouri,Mo.,MO
1980,MS,2524011,Mississippi,Miss.,MS
1980,MT,788754,Montana,Mont.,MT
1980,NC,5896178,North Carolina,N.C.,NC
1980,ND,654501,North Dakota,N.D.,ND
1980,NE,1572854,Nebraska,Nebr.,NE
1980,NH,924802,New Hampshire,N.H.,NH
1980,NJ,7376972,New Jersey,N.J.,NJ
1980,NM,1309108,New Mexico,N.M.,NM
1980,NV,810232,Nevada,Nev.,NV
1980,NY,17566376,New York,N.Y.,NY
1980,OH,10803551,Ohio,Ohio,OH
1980,OK,3040067,Oklahoma,Okla.,OK
1980,OR,2642128,Oregon,Ore.,OR
1980,PA,11872347,Pennsylvania,Pa.,PA
1980,RI,949207,Rhode Island,R.I.,RI
1980,SC,3132387,South Carolina,S.C.,SC
1980,SD,690713,South Dakota,S.D.,SD
1980,TN,4600705,Tennessee,Tenn.,TN
1980,TX,14337755,Texas,Tex.,TX
1980,UT,1473171,Utah,Utah,UT
1980,VA,5367648,Virginia,Va.,VA
1980,VT,512824,Vermont,Vt.,VT
1980,WA,4155198,Washington,Wash.,WA
1980,WI,4713991,Wisconsin,Wis.,WI
1980,WV,1952874,West Virginia,W.Va.,WV
1980,WY,474381,Wyoming,Wyo.,WY
1981,AK,418519,Alaska,Alaska,AK
1981,AL,3918526,Alabama,Ala.,AL
1981,AR,2293196,Arkansas,Ark.,AR
1981,AZ,2810110,Arizona,Ariz.,AZ
1981,CA,24285898,California,Calif.,CA
1981,CO,2977917,Colorado,Colo.,CO
1981,CT,3128849,Connecticut,Conn.,CT
1981,DC,636891,District of Columbia,D.C.,DC
1981,DE,595974,Delaware,Del.,DE
1981,FL,10192814,Florida,Fla.,FL
1981,GA,5568420,Georgia,Ga.,GA
1981,HI,978201,Hawaii,Hawaii,HI
1981,IA,2908003,Iowa,Iowa,IA
1981,ID,962244,Idaho,Idaho,ID
1981,IL,11443511,Illinois,Ill.,IL
1981,IN,5480482,Indiana,Ind.,IN
1981,KS,2384813,Kansas,Kans.,KS
1981,KY,3670396,Kentucky,Ky.,KY
1981,LA,4283312,Louisiana,La.,LA
1981,MA,5768702,Massachusetts,Mass.,MA
1981,MD,4261930,Maryland,Md.,MD
1981,ME,1133039,Maine,Maine,ME
1981,MI,9209352,Michigan,Mich.,MI
1981,MN,4111752,Minnesota,Minn.,MN
1981,MO,4932103,Missouri,Mo.,MO
1981,MS,2539038,Mississippi,Miss.,MS
1981,MT,795330,Montana,Mont.,MT
1981,NC,5956718,North Carolina,N.C.,NC
1981,ND,659494,North Dakota,N.D.,ND
1981,NE,1578481,Nebraska,Nebr.,NE
1981,NH,936630,New Hampshire,N.H.,NH
1981,NJ,7407508,New Jersey,N.J.,NJ
1981,NM,1332768,New Mexico,N.M.,NM
1981,NV,847644,Nevada,Nev.,NV
1981,NY,17567730,New York,N.Y.,NY
1981,OH,10788342,Ohio,Ohio,OH
1981,OK,3096133,Oklahoma,Okla.,OK
1981,OR,2667999,Oregon,Ore.,OR
1981,PA,11858669,Pennsylvania,Pa.,PA
1981,RI,953015,Rhode Island,R.I.,RI
1981,SC,3179269,South Carolina,S.C.,SC
1981,SD,689582,South Dakota,S.D.,SD
1981,TN,4627668,Tennessee,Tenn.,TN
1981,TX,14746340,Texas,Tex.,TX
1981,UT,1515483,Utah,Utah,UT
1981,VA,5444155,Virginia,Va.,VA
1981,VT,515588,Vermont,Vt.,VT
1981,WA,4235733,Washington,Wash.,WA
1981,WI,4726315,Wisconsin,Wis.,WI
1981,WV,1954105,West Virginia,W.Va.,WV
1981,WY,491700,Wyoming,Wyo.,WY
1982,AK,449608,Alaska,Alaska,AK
1982,AL,3925328,Alabama,Ala.,AL
1982,AR,2294297,Arkansas,Ark.,AR
1982,AZ,2889877,Arizona,Ariz.,AZ
1982,CA,24820025,California,Calif.,CA
1982,CO,3061599,Colorado,Colo.,CO
1982,CT,3139008,Connecticut,Conn.,CT
1982,DC,634174,District of Columbia,D.C.,DC
1982,DE,599149,Delaware,Del.,DE
1982,FL,10471438,Florida,Fla.,FL
1982,GA,5649788,Georgia,Ga.,GA
1982,HI,993775,Hawaii,Hawaii,HI
1982,IA,2888209,Iowa,Iowa,IA
1982,ID,973714,Idaho,Idaho,ID
1982,IL,11423449,Illinois,Ill.,IL
1982,IN,5467946,Indiana,Ind.,IN
1982,KS,2401220,Kansas,Kans.,KS
1982,KY,3683427,Kentucky,Ky.,KY
1982,LA,4352625,Louisiana,La.,LA
1982,MA,5771203,Massachusetts,Mass.,MA
1982,MD,4282946,Maryland,Md.,MD
1982,ME,1136698,Maine,Maine,ME
1982,MI,9115204,Michigan,Mich.,MI
1982,MN,4131469,Minnesota,Minn.,MN
1982,MO,4929471,Missouri,Mo.,MO
1982,MS,2556810,Mississippi,Miss.,MS
1982,MT,803966,Montana,Mont.,MT
1982,NC,6019166,North Carolina,N.C.,NC
1982,ND,668960,North Dakota,N.D.,ND
1982,NE,1581747,Nebraska,Nebr.,NE
1982,NH,947716,New Hampshire,N.H.,NH
1982,NJ,7431031,New Jersey,N.J.,NJ
1982,NM,1363854,New Mexico,N.M.,NM
1982,NV,881550,Nevada,Nev.,NV
1982,NY,17589772,New York,N.Y.,NY
1982,OH,10757118,Ohio,Ohio,OH
1982,OK,3206103,Oklahoma,Okla.,OK
1982,OR,2664930,Oregon,Ore.,OR
1982,PA,11845214,Pennsylvania,Pa.,PA
1982,RI,954178,Rhode Island,R.I.,RI
1982,SC,3207614,South Carolina,S.C.,SC
1982,SD,690586,South Dakota,S.D.,SD
1982,TN,4646050,Tennessee,Tenn.,TN
1982,TX,15331379,Texas,Tex.,TX
1982,UT,1558322,Utah,Utah,UT
1982,VA,5492848,Virginia,Va.,VA
1982,VT,519113,Vermont,Vt.,VT
1982,WA,4276533,Washington,Wash.,WA
1982,WI,4728879,Wisconsin,Wis.,WI
1982,WV,1949642,West Virginia,W.Va.,WV
1982,WY,506378,Wyoming,Wyo.,WY
1983,AK,488423,Alaska,Alaska,AK
1983,AL,3934100,Alabama,Ala.,AL
1983,AR,2305796,Arkansas,Ark.,AR
1983,AZ,2968912,Arizona,Ariz.,AZ
1983,CA,25360028,California,Calif.,CA
1983,CO,3133614,Colorado,Colo.,CO
1983,CT,3162366,Connecticut,Conn.,CT
1983,DC,632433,District of Columbia,D.C.,DC
1983,DE,605455,Delaware,Del.,DE
1983,FL,10749908,Florida,Fla.,FL
1983,GA,5728301,Georgia,Ga.,GA
1983,HI,1012718,Hawaii,Hawaii,HI
1983,IA,2870580,Iowa,Iowa,IA
1983,ID,981895,Idaho,Idaho,ID
1983,IL,11408779,Illinois,Ill.,IL
1983,IN,5450407,Indiana,Ind.,IN
1983,KS,2415565,Kansas,Kans.,KS
1983,KY,3694465,Kentucky,Ky.,KY
1983,LA,4395334,Louisiana,La.,LA
1983,MA,5799434,Massachusetts,Mass.,MA
1983,MD,4313319,Maryland,Md.,MD
1983,ME,1144777,Maine,Maine,ME
1983,MI,9047772,Michigan,Mich.,MI
1983,MN,4141479,Minnesota,Minn.,MN
1983,MO,4943767,Missouri,Mo.,MO
1983,MS,2567731,Mississippi,Miss.,MS
1983,MT,814009,Montana,Mont.,MT
1983,NC,6077149,North Carolina,N.C.,NC
1983,ND,676664,North Dakota,N.D.,ND
1983,NE,1584296,Nebraska,Nebr.,NE
1983,NH,958127,New Hampshire,N.H.,NH
1983,NJ,7467818,New Jersey,N.J.,NJ
1983,NM,1394380,New Mexico,N.M.,NM
1983,NV,901987,Nevada,Nev.,NV
1983,NY,17686905,New York,N.Y.,NY
1983,OH,10737664,Ohio,Ohio,OH
1983,OK,3290412,Oklahoma,Okla.,OK
1983,OR,2653095,Oregon,Ore.,OR
1983,PA,11837787,Pennsylvania,Pa.,PA
1983,RI,956378,Rhode Island,R.I.,RI
1983,SC,3234093,South Carolina,S.C.,SC
1983,SD,693017,South Dakota,S.D.,SD
1983,TN,4659799,Tennessee,Tenn.,TN
1983,TX,15751679,Texas,Tex.,TX
1983,UT,1594953,Utah,Utah,UT
1983,VA,5564676,Virginia,Va.,VA
1983,VT,523310,Vermont,Vt.,VT
1983,WA,4300267,Washington,Wash.,WA
1983,WI,4721428,Wisconsin,Wis.,WI
1983,WV,1945096,West Virginia,W.Va.,WV
1983,WY,510350,Wyoming,Wyo.,WY
1984,AK,513697,Alaska,Alaska,AK
1984,AL,3951766,Alabama,Ala.,AL
1984,AR,2319782,Arkansas,Ark.,AR
1984,AZ,3067125,Arizona,Ariz.,AZ
1984,CA,25844380,California,Calif.,CA
1984,CO,3170024,Colorado,Colo.,CO
1984,CT,3180017,Connecticut,Conn.,CT
1984,DC,633385,District of Columbia,D.C.,DC
1984,DE,611567,Delaware,Del.,DE
1984,FL,11039982,Florida,Fla.,FL
1984,GA,5835018,Georgia,Ga.,GA
1984,HI,1027923,Hawaii,Hawaii,HI
1984,IA,2858631,Iowa,Iowa,IA
1984,ID,990811,Idaho,Idaho,ID
1984,IL,11412194,Illinois,Ill.,IL
1984,IN,5458334,Indiana,Ind.,IN
1984,KS,2424119,Kansas,Kans.,KS
1984,KY,3695426,Kentucky,Ky.,KY
1984,LA,4400521,Louisiana,La.,LA
1984,MA,5840782,Massachusetts,Mass.,MA
1984,MD,4365282,Maryland,Md.,MD
1984,ME,1155646,Maine,Maine,ME
1984,MI,9049453,Michigan,Mich.,MI
1984,MN,4157708,Minnesota,Minn.,MN
1984,MO,4975276,Missouri,Mo.,MO
1984,MS,2578030,Mississippi,Miss.,MS
1984,MT,820868,Montana,Mont.,MT
1984,NC,6164036,North Carolina,N.C.,NC
1984,ND,680484,North Dakota,N.D.,ND
1984,NE,1588598,Nebraska,Nebr.,NE
1984,NH,976879,New Hampshire,N.H.,NH
1984,NJ,7515486,New Jersey,N.J.,NJ
1984,NM,1416763,New Mexico,N.M.,NM
1984,NV,924917,Nevada,Nev.,NV
1984,NY,17745710,New York,N.Y.,NY
1984,OH,10737767,Ohio,Ohio,OH
1984,OK,3285581,Oklahoma,Okla.,OK
1984,OR,2666598,Oregon,Ore.,OR
1984,PA,11815214,Pennsylvania,Pa.,PA
1984,RI,961898,Rhode Island,R.I.,RI
1984,SC,3271923,South Carolina,S.C.,SC
1984,SD,697207,South Dakota,S.D.,SD
1984,TN,4686803,Tennessee,Tenn.,TN
1984,TX,16007171,Texas,Tex.,TX
1984,UT,1622339,Utah,Utah,UT
1984,VA,5643937,Virginia,Va.,VA
1984,VT,526662,Vermont,Vt.,VT
1984,WA,4343670,Washington,Wash.,WA
1984,WI,4735588,Wisconsin,Wis.,WI
1984,WV,1927675,West Virginia,W.Va.,WV
1984,WY,504891,Wyoming,Wyo.,WY
1985,AK,532503,Alaska,Alaska,AK
1985,AL,3972539,Alabama,Ala.,AL
1985,AR,2327069,Arkansas,Ark.,AR
1985,AZ,3183536,Arizona,Ariz.,AZ
1985,CA,26441100,California,Calif.,CA
1985,CO,3208691,Colorado,Colo.,CO
1985,CT,3201120,Connecticut,Conn.,CT
1985,DC,634545,District of Columbia,D.C.,DC
1985,DE,618287,Delaware,Del.,DE
1985,FL,11351091,Florida,Fla.,FL
1985,GA,5962708,Georgia,Ga.,GA
1985,HI,1039689,Hawaii,Hawaii,HI
1985,IA,2829691,Iowa,Iowa,IA
1985,ID,994050,Idaho,Idaho,ID
1985,IL,11399816,Illinois,Ill.,IL
1985,IN,5459201,Indiana,Ind.,IN
1985,KS,2427428,Kansas,Kans.,KS
1985,KY,3694833,Kentucky,Ky.,KY
1985,LA,4408128,Louisiana,La.,LA
1985,MA,5880748,Massachusetts,Mass.,MA
1985,MD,4413118,Maryland,Md.,MD
1985,ME,1162942,Maine,Maine,ME
1985,MI,9076282,Michigan,Mich.,MI
1985,MN,4184290,Minnesota,Minn.,MN
1985,MO,5000286,Missouri,Mo.,MO
1985,MS,2588120,Mississippi,Miss.,MS
1985,MT,822326,Montana,Mont.,MT
1985,NC,6253991,North Carolina,N.C.,NC
1985,ND,676978,North Dakota,N.D.,ND
1985,NE,1584659,Nebraska,Nebr.,NE
1985,NH,996760,New Hampshire,N.H.,NH
1985,NJ,7565511,New Jersey,N.J.,NJ
1985,NM,1438385,New Mexico,N.M.,NM
1985,NV,951040,Nevada,Nev.,NV
1985,NY,17791750,New York,N.Y.,NY
1985,OH,10734943,Ohio,Ohio,OH
1985,OK,3271395,Oklahoma,Okla.,OK
1985,OR,2672681,Oregon,Ore.,OR
1985,PA,11770908,Pennsylvania,Pa.,PA
1985,RI,968958,Rhode Island,R.I.,RI
1985,SC,3303250,South Carolina,S.C.,SC
1985,SD,698404,South Dakota,S.D.,SD
1985,TN,4715288,Tennessee,Tenn.,TN
1985,TX,16272777,Texas,Tex.,TX
1985,UT,1642906,Utah,Utah,UT
1985,VA,5715198,Virginia,Va.,VA
1985,VT,530031,Vermont,Vt.,VT
1985,WA,4400084,Washington,Wash.,WA
1985,WI,4747766,Wisconsin,Wis.,WI
1985,WV,1906823,West Virginia,W.Va.,WV
1985,WY,499688,Wyoming,Wyo.,WY
1986,AK,544270,Alaska,Alaska,AK
1986,AL,3991552,Alabama,Ala.,AL
1986,AR,2331988,Arkansas,Ark.,AR
1986,AZ,3308269,Arizona,Ariz.,AZ
1986,CA,27102241,California,Calif.,CA
1986,CO,3237457,Colorado,Colo.,CO
1986,CT,3223744,Connecticut,Conn.,CT
1986,DC,638280,District of Columbia,D.C.,DC
1986,DE,627545,Delaware,Del.,DE
1986,FL,11667511,Florida,Fla.,FL
1986,GA,6084739,Georgia,Ga.,GA
1986,HI,1051767,Hawaii,Hawaii,HI
1986,IA,2791923,Iowa,Iowa,IA
1986,ID,990259,Idaho,Idaho,ID
1986,IL,11387247,Illinois,Ill.,IL
1986,IN,5454137,Indiana,Ind.,IN
1986,KS,2432638,Kansas,Kans.,KS
1986,KY,3687821,Kentucky,Ky.,KY
1986,LA,4406953,Louisiana,La.,LA
1986,MA,5902658,Massachusetts,Mass.,MA
1986,MD,4487008,Maryland,Md.,MD
1986,ME,1170120,Maine,Maine,ME
1986,MI,9127778,Michigan,Mich.,MI
1986,MN,4205257,Minnesota,Minn.,MN
1986,MO,5023077,Missouri,Mo.,MO
1986,MS,2593609,Mississippi,Miss.,MS
1986,MT,813770,Montana,Mont.,MT
1986,NC,6321646,North Carolina,N.C.,NC
1986,ND,669520,North Dakota,N.D.,ND
1986,NE,1574301,Nebraska,Nebr.,NE
1986,NH,1025069,New Hampshire,N.H.,NH
1986,NJ,7622189,New Jersey,N.J.,NJ
1986,NM,1462762,New Mexico,N.M.,NM
1986,NV,980635,Nevada,Nev.,NV
1986,NY,17833489,New York,N.Y.,NY
1986,OH,10730284,Ohio,Ohio,OH
1986,OK,3252756,Oklahoma,Okla.,OK
1986,OR,2683537,Oregon,Ore.,OR
1986,PA,11782786,Pennsylvania,Pa.,PA
1986,RI,977341,Rhode Island,R.I.,RI
1986,SC,3342740,South Carolina,S.C.,SC
1986,SD,696014,South Dakota,S.D.,SD
1986,TN,4738700,Tennessee,Tenn.,TN
1986,TX,16561153,Texas,Tex.,TX
1986,UT,1662830,Utah,Utah,UT
1986,VA,5811695,Virginia,Va.,VA
1986,VT,534065,Vermont,Vt.,VT
1986,WA,4452726,Washington,Wash.,WA
1986,WI,4755646,Wisconsin,Wis.,WI
1986,WV,1882351,West Virginia,W.Va.,WV
1986,WY,495619,Wyoming,Wyo.,WY
1987,AK,539324,Alaska,Alaska,AK
1987,AL,4015266,Alabama,Ala.,AL
1987,AR,2342405,Arkansas,Ark.,AR
1987,AZ,3437097,Arizona,Ariz.,AZ
1987,CA,27777121,California,Calif.,CA
1987,CO,3260504,Colorado,Colo.,CO
1987,CT,3247304,Connecticut,Conn.,CT
1987,DC,636931,District of Columbia,D.C.,DC
1987,DE,636950,Delaware,Del.,DE
1987,FL,11997293,Florida,Fla.,FL
1987,GA,6208502,Georgia,Ga.,GA
1987,HI,1067914,Hawaii,Hawaii,HI
1987,IA,2767011,Iowa,Iowa,IA
1987,ID,985010,Idaho,Idaho,ID
1987,IL,11391175,Illinois,Ill.,IL
1987,IN,5473040,Indiana,Ind.,IN
1987,KS,2445422,Kansas,Kans.,KS
1987,KY,3683341,Kentucky,Ky.,KY
1987,LA,4344222,Louisiana,La.,LA
1987,MA,5935207,Massachusetts,Mass.,MA
1987,MD,4565574,Maryland,Md.,MD
1987,ME,1184588,Maine,Maine,ME
1987,MI,9187469,Michigan,Mich.,MI
1987,MN,4235173,Minnesota,Minn.,MN
1987,MO,5056727,Missouri,Mo.,MO
1987,MS,2588571,Mississippi,Miss.,MS
1987,MT,805084,Montana,Mont.,MT
1987,NC,6403731,North Carolina,N.C.,NC
1987,ND,661140,North Dakota,N.D.,ND
1987,NE,1566549,Nebraska,Nebr.,NE
1987,NH,1054291,New Hampshire,N.H.,NH
1987,NJ,7670784,New Jersey,N.J.,NJ
1987,NM,1478507,New Mexico,N.M.,NM
1987,NV,1023357,Nevada,Nev.,NV
1987,NY,17868881,New York,N.Y.,NY
1987,OH,10760062,Ohio,Ohio,OH
1987,OK,3210172,Oklahoma,Okla.,OK
1987,OR,2701015,Oregon,Ore.,OR
1987,PA,11810896,Pennsylvania,Pa.,PA
1987,RI,989597,Rhode Island,R.I.,RI
1987,SC,3380520,South Carolina,S.C.,SC
1987,SD,696032,South Dakota,S.D.,SD
1987,TN,4782935,Tennessee,Tenn.,TN
1987,TX,16621954,Texas,Tex.,TX
1987,UT,1678126,Utah,Utah,UT
1987,VA,5932261,Virginia,Va.,VA
1987,VT,540266,Vermont,Vt.,VT
1987,WA,4531896,Washington,Wash.,WA
1987,WI,4777977,Wisconsin,Wis.,WI
1987,WV,1857590,West Virginia,W.Va.,WV
1987,WY,476974,Wyoming,Wyo.,WY
1988,AK,541999,Alaska,Alaska,AK
1988,AL,4023902,Alabama,Ala.,AL
1988,AR,2342643,Arkansas,Ark.,AR
1988,AZ,3535200,Arizona,Ariz.,AZ
1988,CA,28464230,California,Calif.,CA
1988,CO,3262279,Colorado,Colo.,CO
1988,CT,3271957,Connecticut,Conn.,CT
1988,DC,630427,District of Columbia,D.C.,DC
1988,DE,647621,Delaware,Del.,DE
1988,FL,12306421,Florida,Fla.,FL
1988,GA,6316185,Georgia,Ga.,GA
1988,HI,1079830,Hawaii,Hawaii,HI
1988,IA,2768370,Iowa,Iowa,IA
1988,ID,985680,Idaho,Idaho,ID
1988,IL,11390222,Illinois,Ill.,IL
1988,IN,5491729,Indiana,Ind.,IN
1988,KS,2462057,Kansas,Kans.,KS
1988,KY,3679990,Kentucky,Ky.,KY
1988,LA,4288939,Louisiana,La.,LA
1988,MA,5979997,Massachusetts,Mass.,MA
1988,MD,4657894,Maryland,Md.,MD
1988,ME,1203850,Maine,Maine,ME
1988,MI,9218025,Michigan,Mich.,MI
1988,MN,4296162,Minnesota,Minn.,MN
1988,MO,5081731,Missouri,Mo.,MO
1988,MS,2580377,Mississippi,Miss.,MS
1988,MT,800194,Montana,Mont.,MT
1988,NC,6480675,North Carolina,N.C.,NC
1988,ND,655324,North Dakota,N.D.,ND
1988,NE,1571465,Nebraska,Nebr.,NE
1988,NH,1082583,New Hampshire,N.H.,NH
1988,NJ,7712352,New Jersey,N.J.,NJ
1988,NM,1490356,New Mexico,N.M.,NM
1988,NV,1075033,Nevada,Nev.,NV
1988,NY,17941357,New York,N.Y.,NY
1988,OH,10798630,Ohio,Ohio,OH
1988,OK,3167148,Oklahoma,Okla.,OK
1988,OR,2741316,Oregon,Ore.,OR
1988,PA,11845774,Pennsylvania,Pa.,PA
1988,RI,996406,Rhode Island,R.I.,RI
1988,SC,3412102,South Carolina,S.C.,SC
1988,SD,698144,South Dakota,S.D.,SD
1988,TN,4822432,Tennessee,Tenn.,TN
1988,TX,16667146,Texas,Tex.,TX
1988,UT,1689374,Utah,Utah,UT
1988,VA,6036907,Virginia,Va.,VA
1988,VT,549758,Vermont,Vt.,VT
1988,WA,4639911,Washington,Wash.,WA
1988,WI,4822365,Wisconsin,Wis.,WI
1988,WV,1830227,West Virginia,W.Va.,WV
1988,WY,465080,Wyoming,Wyo.,WY
1989,AK,547170,Alaska,Alaska,AK
1989,AL,4030239,Alabama,Ala.,AL
1989,AR,2346375,Arkansas,Ark.,AR
1989,AZ,3622180,Arizona,Ariz.,AZ
1989,CA,29218163,California,Calif.,CA
1989,CO,3275826,Colorado,Colo.,CO
1989,CT,3283420,Connecticut,Conn.,CT
1989,DC,624160,District of Columbia,D.C.,DC
1989,DE,658279,Delaware,Del.,DE
1989,FL,12637697,Florida,Fla.,FL
1989,GA,6411121,Georgia,Ga.,GA
1989,HI,1094587,Hawaii,Hawaii,HI
1989,IA,2770581,Iowa,Iowa,IA
1989,ID,994396,Idaho,Idaho,ID
1989,IL,11409801,Illinois,Ill.,IL
1989,IN,5523668,Indiana,Ind.,IN
1989,KS,2472864,Kansas,Kans.,KS
1989,KY,3677287,Kentucky,Ky.,KY
1989,LA,4252958,Louisiana,La.,LA
1989,MA,6015492,Massachusetts,Mass.,MA
1989,MD,4727303,Maryland,Md.,MD
1989,ME,1219968,Maine,Maine,ME
1989,MI,9253339,Michigan,Mich.,MI
1989,MN,4338036,Minnesota,Minn.,MN
1989,MO,5095833,Missouri,Mo.,MO
1989,MS,2574306,Mississippi,Miss.,MS
1989,MT,799657,Montana,Mont.,MT
1989,NC,6565546,North Carolina,N.C.,NC
1989,ND,646359,North Dakota,N.D.,ND
1989,NE,1574848,Nebraska,Nebr.,NE
1989,NH,1104519,New Hampshire,N.H.,NH
1989,NJ,7726114,New Jersey,N.J.,NJ
1989,NM,1503936,New Mexico,N.M.,NM
1989,NV,1137391,Nevada,Nev.,NV
1989,NY,17983082,New York,N.Y.,NY
1989,OH,10829255,Ohio,Ohio,OH
1989,OK,3150372,Oklahoma,Okla.,OK
1989,OR,2790579,Oregon,Ore.,OR
1989,PA,11866027,Pennsylvania,Pa.,PA
1989,RI,1000670,Rhode Island,R.I.,RI
1989,SC,3456772,South Carolina,S.C.,SC
1989,SD,696787,South Dakota,S.D.,SD
1989,TN,4854463,Tennessee,Tenn.,TN
1989,TX,16806831,Texas,Tex.,TX
1989,UT,1705886,Utah,Utah,UT
1989,VA,6120244,Virginia,Va.,VA
1989,VT,557715,Vermont,Vt.,VT
1989,WA,4746314,Washington,Wash.,WA
1989,WI,4856478,Wisconsin,Wis.,WI
1989,WV,1806569,West Virginia,W.Va.,WV
1989,WY,458376,Wyoming,Wyo.,WY
1990,AK,553290,Alaska,Alaska,AK
1990,AL,4050055,Alabama,Ala.,AL
1990,AR,2356586,Arkansas,Ark.,AR
1990,AZ,3684097,Arizona,Ariz.,AZ
1990,CA,29959515,California,Calif.,CA
1990,CO,3307618,Colorado,Colo.,CO
1990,CT,3291967,Connecticut,Conn.,CT
1990,DC,605321,District of Columbia,D.C.,DC
1990,DE,669567,Delaware,Del.,DE
1990,FL,13033307,Florida,Fla.,FL
1990,GA,6512602,Georgia,Ga.,GA
1990,HI,1113491,Hawaii,Hawaii,HI
1990,IA,2781018,Iowa,Iowa,IA
1990,ID,1012384,Idaho,Idaho,ID
1990,IL,11453316,Illinois,Ill.,IL
1990,IN,5557798,Indiana,Ind.,IN
1990,KS,2481349,Kansas,Kans.,KS
1990,KY,3694048,Kentucky,Ky.,KY
1990,LA,4221532,Louisiana,La.,LA
1990,MA,6022639,Massachusetts,Mass.,MA
1990,MD,4799770,Maryland,Md.,MD
1990,ME,1231719,Maine,Maine,ME
1990,MI,9311319,Michigan,Mich.,MI
1990,MN,4389857,Minnesota,Minn.,MN
1990,MO,5128880,Missouri,Mo.,MO
1990,MS,2578897,Mississippi,Miss.,MS
1990,MT,800204,Montana,Mont.,MT
1990,NC,6664016,North Carolina,N.C.,NC
1990,ND,637685,North Dakota,N.D.,ND
1990,NE,1581660,Nebraska,Nebr.,NE
1990,NH,1112384,New Hampshire,N.H.,NH
1990,NJ,7762963,New Jersey,N.J.,NJ
1990,NM,1521574,New Mexico,N.M.,NM
1990,NV,1220695,Nevada,Nev.,NV
1990,NY,18020784,New York,N.Y.,NY
1990,OH,10864162,Ohio,Ohio,OH
1990,OK,3148825,Oklahoma,Okla.,OK
1990,OR,2860375,Oregon,Ore.,OR
1990,PA,11903299,Pennsylvania,Pa.,PA
1990,RI,1005995,Rhode Island,R.I.,RI
1990,SC,3501155,South Carolina,S.C.,SC
1990,SD,697101,South Dakota,S.D.,SD
1990,TN,4894492,Tennessee,Tenn.,TN
1990,TX,17056755,Texas,Tex.,TX
1990,UT,1731223,Utah,Utah,UT
1990,VA,6216884,Virginia,Va.,VA
1990,VT,564798,Vermont,Vt.,VT
1990,WA,4903043,Washington,Wash.,WA
1990,WI,4904562,Wisconsin,Wis.,WI
1990,WV,1792548,West Virginia,W.Va.,WV
1990,WY,453690,Wyoming,Wyo.,WY
1991,AK,570193,Alaska,Alaska,AK
1991,AL,4099156,Alabama,Ala.,AL
1991,AR,2383144,Arkansas,Ark.,AR
1991,AZ,3788576,Arizona,Ariz.,AZ
1991,CA,30470736,California,Calif.,CA
1991,CO,3387119,Colorado,Colo.,CO
1991,CT,3302895,Connecticut,Conn.,CT
1991,DC,600870,District of Columbia,D.C.,DC
1991,DE,683080,Delaware,Del.,DE
1991,FL,13369798,Florida,Fla.,FL
1991,GA,6653005,Georgia,Ga.,GA
1991,HI,1136754,Hawaii,Hawaii,HI
1991,IA,2797613,Iowa,Iowa,IA
1991,ID,1041316,Idaho,Idaho,ID
1991,IL,11568964,Illinois,Ill.,IL
1991,IN,5616388,Indiana,Ind.,IN
1991,KS,2498722,Kansas,Kans.,KS
1991,KY,3722328,Kentucky,Ky.,KY
1991,LA,4253279,Louisiana,La.,LA
1991,MA,6018470,Massachusetts,Mass.,MA
1991,MD,4867641,Maryland,Md.,MD
1991,ME,1237081,Maine,Maine,ME
1991,MI,9400446,Michigan,Mich.,MI
1991,MN,4440859,Minnesota,Minn.,MN
1991,MO,5170800,Missouri,Mo.,MO
1991,MS,2598733,Mississippi,Miss.,MS
1991,MT,809680,Montana,Mont.,MT
1991,NC,6784280,North Carolina,N.C.,NC
1991,ND,635753,North Dakota,N.D.,ND
1991,NE,1595919,Nebraska,Nebr.,NE
1991,NH,1109929,New Hampshire,N.H.,NH
1991,NJ,7814676,New Jersey,N.J.,NJ
1991,NM,1555305,New Mexico,N.M.,NM
1991,NV,1296171,Nevada,Nev.,NV
1991,NY,18122510,New York,N.Y.,NY
1991,OH,10945762,Ohio,Ohio,OH
1991,OK,3175440,Oklahoma,Okla.,OK
1991,OR,2928507,Oregon,Ore.,OR
1991,PA,11982164,Pennsylvania,Pa.,PA
1991,RI,1010649,Rhode Island,R.I.,RI
1991,SC,3570404,South Carolina,S.C.,SC
1991,SD,703669,South Dakota,S.D.,SD
1991,TN,4966587,Tennessee,Tenn.,TN
1991,TX,17398005,Texas,Tex.,TX
1991,UT,1779780,Utah,Utah,UT
1991,VA,6301217,Virginia,Va.,VA
1991,VT,568606,Vermont,Vt.,VT
1991,WA,5025624,Washington,Wash.,WA
1991,WI,4964343,Wisconsin,Wis.,WI
1991,WV,1798735,West Virginia,W.Va.,WV
1991,WY,459260,Wyoming,Wyo.,WY
1992,AK,588736,Alaska,Alaska,AK
1992,AL,4154014,Alabama,Ala.,AL
1992,AR,2415984,Arkansas,Ark.,AR
1992,AZ,3915740,Arizona,Ariz.,AZ
1992,CA,30974659,California,Calif.,CA
1992,CO,3495939,Colorado,Colo.,CO
1992,CT,3300712,Connecticut,Conn.,CT
1992,DC,597565,District of Columbia,D.C.,DC
1992,DE,694925,Delaware,Del.,DE
1992,FL,13650553,Florida,Fla.,FL
1992,GA,6817203,Georgia,Ga.,GA
1992,HI,1158613,Hawaii,Hawaii,HI
1992,IA,2818401,Iowa,Iowa,IA
1992,ID,1071685,Idaho,Idaho,ID
1992,IL,11694184,Illinois,Ill.,IL
1992,IN,5674547,Indiana,Ind.,IN
1992,KS,2532394,Kansas,Kans.,KS
1992,KY,3765469,Kentucky,Ky.,KY
1992,LA,4293003,Louisiana,La.,LA
1992,MA,6028709,Massachusetts,Mass.,MA
1992,MD,4923368,Maryland,Md.,MD
1992,ME,1238508,Maine,Maine,ME
1992,MI,9479065,Michigan,Mich.,MI
1992,MN,4495572,Minnesota,Minn.,MN
1992,MO,5217101,Missouri,Mo.,MO
1992,MS,2623734,Mississippi,Miss.,MS
1992,MT,825770,Montana,Mont.,MT
1992,NC,6897214,North Carolina,N.C.,NC
1992,ND,638223,North Dakota,N.D.,ND
1992,NE,1611687,Nebraska,Nebr.,NE
1992,NH,1117784,New Hampshire,N.H.,NH
1992,NJ,7880508,New Jersey,N.J.,NJ
1992,NM,1595442,New Mexico,N.M.,NM
1992,NV,1351367,Nevada,Nev.,NV
1992,NY,18246653,New York,N.Y.,NY
1992,OH,11029431,Ohio,Ohio,OH
1992,OK,3220517,Oklahoma,Okla.,OK
1992,OR,2991755,Oregon,Ore.,OR
1992,PA,12049450,Pennsylvania,Pa.,PA
1992,RI,1012581,Rhode Island,R.I.,RI
1992,SC,3620464,South Carolina,S.C.,SC
1992,SD,712801,South Dakota,S.D.,SD
1992,TN,5049742,Tennessee,Tenn.,TN
1992,TX,17759738,Texas,Tex.,TX
1992,UT,1836799,Utah,Utah,UT
1992,VA,6414307,Virginia,Va.,VA
1992,VT,572751,Vermont,Vt.,VT
1992,WA,5160757,Washington,Wash.,WA
1992,WI,5025398,Wisconsin,Wis.,WI
1992,WV,1806451,West Virginia,W.Va.,WV
1992,WY,466251,Wyoming,Wyo.,WY
1993,AK,599432,Alaska,Alaska,AK
1993,AL,4214202,Alabama,Ala.,AL
1993,AR,2456303,Arkansas,Ark.,AR
1993,AZ,4065440,Arizona,Ariz.,AZ
1993,CA,31274928,California,Calif.,CA
1993,CO,3613734,Colorado,Colo.,CO
1993,CT,3309175,Connecticut,Conn.,CT
1993,DC,595301,District of Columbia,D.C.,DC
1993,DE,706378,Delaware,Del.,DE
1993,FL,13927185,Florida,Fla.,FL
1993,GA,6978240,Georgia,Ga.,GA
1993,HI,1172838,Hawaii,Hawaii,HI
1993,IA,2836972,Iowa,Iowa,IA
1993,ID,1108768,Idaho,Idaho,ID
1993,IL,11809579,Illinois,Ill.,IL
1993,IN,5739019,Indiana,Ind.,IN
1993,KS,2556547,Kansas,Kans.,KS
1993,KY,3812206,Kentucky,Ky.,KY
1993,LA,4316428,Louisiana,La.,LA
1993,MA,6060569,Massachusetts,Mass.,MA
1993,MD,4971889,Maryland,Md.,MD
1993,ME,1242302,Maine,Maine,ME
1993,MI,9540114,Michigan,Mich.,MI
1993,MN,4555954,Minnesota,Minn.,MN
1993,MO,5271175,Missouri,Mo.,MO
1993,MS,2655100,Mississippi,Miss.,MS
1993,MT,844761,Montana,Mont.,MT
1993,NC,7042818,North Carolina,N.C.,NC
1993,ND,641216,North Dakota,N.D.,ND
1993,NE,1625590,Nebraska,Nebr.,NE
1993,NH,1129458,New Hampshire,N.H.,NH
1993,NJ,7948915,New Jersey,N.J.,NJ
1993,NM,1636453,New Mexico,N.M.,NM
1993,NV,1411215,Nevada,Nev.,NV
1993,NY,18374954,New York,N.Y.,NY
1993,OH,11101140,Ohio,Ohio,OH
1993,OK,3252285,Oklahoma,Okla.,OK
1993,OR,3060367,Oregon,Ore.,OR
1993,PA,12119724,Pennsylvania,Pa.,PA
1993,RI,1015112,Rhode Island,R.I.,RI
1993,SC,3663314,South Carolina,S.C.,SC
1993,SD,722159,South Dakota,S.D.,SD
1993,TN,5137584,Tennessee,Tenn.,TN
1993,TX,18161612,Texas,Tex.,TX
1993,UT,1898404,Utah,Utah,UT
1993,VA,6509630,Virginia,Va.,VA
1993,VT,577748,Vermont,Vt.,VT
1993,WA,5278842,Washington,Wash.,WA
1993,WI,5084889,Wisconsin,Wis.,WI
1993,WV,1817539,West Virginia,W.Va.,WV
1993,WY,473081,Wyoming,Wyo.,WY
1994,AK,603308,Alaska,Alaska,AK
1994,AL,4260229,Alabama,Ala.,AL
1994,AR,2494019,Arkansas,Ark.,AR
1994,AZ,4245089,Arizona,Ariz.,AZ
1994,CA,31484435,California,Calif.,CA
1994,CO,3724168,Colorado,Colo.,CO
1994,CT,3316121,Connecticut,Conn.,CT
1994,DC,589239,District of Columbia,D.C.,DC
1994,DE,717545,Delaware,Del.,DE
1994,FL,14239444,Florida,Fla.,FL
1994,GA,7157165,Georgia,Ga.,GA
1994,HI,1187536,Hawaii,Hawaii,HI
1994,IA,2850746,Iowa,Iowa,IA
1994,ID,1145140,Idaho,Idaho,ID
1994,IL,11912585,Illinois,Ill.,IL
1994,IN,5793526,Indiana,Ind.,IN
1994,KS,2580513,Kansas,Kans.,KS
1994,KY,3849088,Kentucky,Ky.,KY
1994,LA,4347481,Louisiana,La.,LA
1994,MA,6095241,Massachusetts,Mass.,MA
1994,MD,5023060,Maryland,Md.,MD
1994,ME,1242662,Maine,Maine,ME
1994,MI,9597737,Michigan,Mich.,MI
1994,MN,4610355,Minnesota,Minn.,MN
1994,MO,5324497,Missouri,Mo.,MO
1994,MS,2688992,Mississippi,Miss.,MS
1994,MT,861306,Montana,Mont.,MT
1994,NC,7187398,North Carolina,N.C.,NC
1994,ND,644804,North Dakota,N.D.,ND
1994,NE,1639041,Nebraska,Nebr.,NE
1994,NH,1142560,New Hampshire,N.H.,NH
1994,NJ,8014306,New Jersey,N.J.,NJ
1994,NM,1682398,New Mexico,N.M.,NM
1994,NV,1499298,Nevada,Nev.,NV
1994,NY,18459470,New York,N.Y.,NY
1994,OH,11152454,Ohio,Ohio,OH
1994,OK,3280940,Oklahoma,Okla.,OK
1994,OR,3121264,Oregon,Ore.,OR
1994,PA,12166050,Pennsylvania,Pa.,PA
1994,RI,1015960,Rhode Island,R.I.,RI
1994,SC,3705397,South Carolina,S.C.,SC
1994,SD,730790,South Dakota,S.D.,SD
1994,TN,5231438,Tennessee,Tenn.,TN
1994,TX,18564062,Texas,Tex.,TX
1994,UT,1960446,Utah,Utah,UT
1994,VA,6593139,Virginia,Va.,VA
1994,VT,583836,Vermont,Vt.,VT
1994,WA,5375161,Washington,Wash.,WA
1994,WI,5133678,Wisconsin,Wis.,WI
1994,WV,1820421,West Virginia,W.Va.,WV
1994,WY,480283,Wyoming,Wyo.,WY
1995,AK,604412,Alaska,Alaska,AK
1995,AL,4296800,Alabama,Ala.,AL
1995,AR,2535399,Arkansas,Ark.,AR
1995,AZ,4432499,Arizona,Ariz.,AZ
1995,CA,31696582,California,Calif.,CA
1995,CO,3826653,Colorado,Colo.,CO
1995,CT,3324144,Connecticut,Conn.,CT
1995,DC,580517,District of Columbia,D.C.,DC
1995,DE,729734,Delaware,Del.,DE
1995,FL,14537875,Florida,Fla.,FL
1995,GA,7328413,Georgia,Ga.,GA
1995,HI,1196854,Hawaii,Hawaii,HI
1995,IA,2867373,Iowa,Iowa,IA
1995,ID,1177322,Idaho,Idaho,ID
1995,IL,12008437,Illinois,Ill.,IL
1995,IN,5851459,Indiana,Ind.,IN
1995,KS,2601007,Kansas,Kans.,KS
1995,KY,3887427,Kentucky,Ky.,KY
1995,LA,4378779,Louisiana,La.,LA
1995,MA,6141445,Massachusetts,Mass.,MA
1995,MD,5070033,Maryland,Md.,MD
1995,ME,1243480,Maine,Maine,ME
1995,MI,9676211,Michigan,Mich.,MI
1995,MN,4660180,Minnesota,Minn.,MN
1995,MO,5378247,Missouri,Mo.,MO
1995,MS,2722659,Mississippi,Miss.,MS
1995,MT,876553,Montana,Mont.,MT
1995,NC,7344674,North Carolina,N.C.,NC
1995,ND,647832,North Dakota,N.D.,ND
1995,NE,1656992,Nebraska,Nebr.,NE
1995,NH,1157561,New Hampshire,N.H.,NH
1995,NJ,8083242,New Jersey,N.J.,NJ
1995,NM,1720394,New Mexico,N.M.,NM
1995,NV,1581578,Nevada,Nev.,NV
1995,NY,18524104,New York,N.Y.,NY
1995,OH,11202751,Ohio,Ohio,OH
1995,OK,3308208,Oklahoma,Okla.,OK
1995,OR,3184369,Oregon,Ore.,OR
1995,PA,12198403,Pennsylvania,Pa.,PA
1995,RI,1017002,Rhode Island,R.I.,RI
1995,SC,3748582,South Carolina,S.C.,SC
1995,SD,737925,South Dakota,S.D.,SD
1995,TN,5326936,Tennessee,Tenn.,TN
1995,TX,18958751,Texas,Tex.,TX
1995,UT,2014177,Utah,Utah,UT
1995,VA,6670693,Virginia,Va.,VA
1995,VT,589002,Vermont,Vt.,VT
1995,WA,5481027,Washington,Wash.,WA
1995,WI,5184836,Wisconsin,Wis.,WI
1995,WV,1823700,West Virginia,W.Va.,WV
1995,WY,485160,Wyoming,Wyo.,WY
1996,AK,608569,Alaska,Alaska,AK
1996,AL,4331102,Alabama,Ala.,AL
1996,AR,2572109,Arkansas,Ark.,AR
1996,AZ,4586940,Arizona,Ariz.,AZ
1996,CA,32018834,California,Calif.,CA
1996,CO,3919972,Colorado,Colo.,CO
1996,CT,3336685,Connecticut,Conn.,CT
1996,DC,572377,District of Columbia,D.C.,DC
1996,DE,740977,Delaware,Del.,DE
1996,FL,14853360,Florida,Fla.,FL
1996,GA,7501069,Georgia,Ga.,GA
1996,HI,1203755,Hawaii,Hawaii,HI
1996,IA,2880000,Iowa,Iowa,IA
1996,ID,1203083,Idaho,Idaho,ID
1996,IL,12101997,Illinois,Ill.,IL
1996,IN,5906013,Indiana,Ind.,IN
1996,KS,2614554,Kansas,Kans.,KS
1996,KY,3919535,Kentucky,Ky.,KY
1996,LA,4398877,Louisiana,La.,LA
1996,MA,6179756,Massachusetts,Mass.,MA
1996,MD,5111986,Maryland,Md.,MD
1996,ME,1249060,Maine,Maine,ME
1996,MI,9758645,Michigan,Mich.,MI
1996,MN,4712827,Minnesota,Minn.,MN
1996,MO,5431553,Missouri,Mo.,MO
1996,MS,2748085,Mississippi,Miss.,MS
1996,MT,886254,Montana,Mont.,MT
1996,NC,7500670,North Carolina,N.C.,NC
1996,ND,650382,North Dakota,N.D.,ND
1996,NE,1673740,Nebraska,Nebr.,NE
1996,NH,1174719,New Hampshire,N.H.,NH
1996,NJ,8149596,New Jersey,N.J.,NJ
1996,NM,1752326,New Mexico,N.M.,NM
1996,NV,1666320,Nevada,Nev.,NV
1996,NY,18588460,New York,N.Y.,NY
1996,OH,11242827,Ohio,Ohio,OH
1996,OK,3340129,Oklahoma,Okla.,OK
1996,OR,3247111,Oregon,Ore.,OR
1996,PA,12220464,Pennsylvania,Pa.,PA
1996,RI,1020893,Rhode Island,R.I.,RI
1996,SC,3796200,South Carolina,S.C.,SC
1996,SD,742213,South Dakota,S.D.,SD
1996,TN,5416643,Tennessee,Tenn.,TN
1996,TX,19340342,Texas,Tex.,TX
1996,UT,2067976,Utah,Utah,UT
1996,VA,6750884,Virginia,Va.,VA
1996,VT,593701,Vermont,Vt.,VT
1996,WA,5569753,Washington,Wash.,WA
1996,WI,5229986,Wisconsin,Wis.,WI
1996,WV,1822808,West Virginia,W.Va.,WV
1996,WY,488167,Wyoming,Wyo.,WY
1997,AK,612968,Alaska,Alaska,AK
1997,AL,4367935,Alabama,Ala.,AL
1997,AR,2601090,Arkansas,Ark.,AR
1997,AZ,4736990,Arizona,Ariz.,AZ
1997,CA,32486010,California,Calif.,CA
1997,CO,4018293,Colorado,Colo.,CO
1997,CT,3349348,Connecticut,Conn.,CT
1997,DC,567736,District of Columbia,D.C.,DC
1997,DE,751487,Delaware,Del.,DE
1997,FL,15186304,Florida,Fla.,FL
1997,GA,7685099,Georgia,Ga.,GA
1997,HI,1211640,Hawaii,Hawaii,HI
1997,IA,2891119,Iowa,Iowa,IA
1997,ID,1228520,Idaho,Idaho,ID
1997,IL,12185715,Illinois,Ill.,IL
1997,IN,5955267,Indiana,Ind.,IN
1997,KS,2635292,Kansas,Kans.,KS
1997,KY,3952747,Kentucky,Ky.,KY
1997,LA,4421071,Louisiana,La.,LA
1997,MA,6226058,Massachusetts,Mass.,MA
1997,MD,5157328,Maryland,Md.,MD
1997,ME,1254774,Maine,Maine,ME
1997,MI,9809051,Michigan,Mich.,MI
1997,MN,4763390,Minnesota,Minn.,MN
1997,MO,5481193,Missouri,Mo.,MO
1997,MS,2777004,Mississippi,Miss.,MS
1997,MT,889865,Montana,Mont.,MT
1997,NC,7656825,North Carolina,N.C.,NC
1997,ND,649716,North Dakota,N.D.,ND
1997,NE,1686418,Nebraska,Nebr.,NE
1997,NH,1189425,New Hampshire,N.H.,NH
1997,NJ,8218808,New Jersey,N.J.,NJ
1997,NM,1774839,New Mexico,N.M.,NM
1997,NV,1764104,Nevada,Nev.,NV
1997,NY,18656546,New York,N.Y.,NY
1997,OH,11277357,Ohio,Ohio,OH
1997,OK,3372917,Oklahoma,Okla.,OK
1997,OR,3304310,Oregon,Ore.,OR
1997,PA,12227814,Pennsylvania,Pa.,PA
1997,RI,1025353,Rhode Island,R.I.,RI
1997,SC,3859696,South Carolina,S.C.,SC
1997,SD,744223,South Dakota,S.D.,SD
1997,TN,5499233,Tennessee,Tenn.,TN
1997,TX,19740317,Texas,Tex.,TX
1997,UT,2119784,Utah,Utah,UT
1997,VA,6829183,Virginia,Va.,VA
1997,VT,597239,Vermont,Vt.,VT
1997,WA,5674747,Washington,Wash.,WA
1997,WI,5266213,Wisconsin,Wis.,WI
1997,WV,1819113,West Virginia,W.Va.,WV
1997,WY,489451,Wyoming,Wyo.,WY
1998,AK,619932,Alaska,Alaska,AK
1998,AL,4404701,Alabama,Ala.,AL
1998,AR,2626289,Arkansas,Ark.,AR
1998,AZ,4883342,Arizona,Ariz.,AZ
1998,CA,32987675,California,Calif.,CA
1998,CO,4116639,Colorado,Colo.,CO
1998,CT,3365352,Connecticut,Conn.,CT
1998,DC,565230,District of Columbia,D.C.,DC
1998,DE,763335,Delaware,Del.,DE
1998,FL,15486559,Florida,Fla.,FL
1998,GA,7863536,Georgia,Ga.,GA
1998,HI,1215233,Hawaii,Hawaii,HI
1998,IA,2902872,Iowa,Iowa,IA
1998,ID,1252330,Idaho,Idaho,ID
1998,IL,12271847,Illinois,Ill.,IL
1998,IN,5998880,Indiana,Ind.,IN
1998,KS,2660598,Kansas,Kans.,KS
1998,KY,3985390,Kentucky,Ky.,KY
1998,LA,4440344,Louisiana,La.,LA
1998,MA,6271838,Massachusetts,Mass.,MA
1998,MD,5204464,Maryland,Md.,MD
1998,ME,1259127,Maine,Maine,ME
1998,MI,9847942,Michigan,Mich.,MI
1998,MN,4813412,Minnesota,Minn.,MN
1998,MO,5521765,Missouri,Mo.,MO
1998,MS,2804834,Mississippi,Miss.,MS
1998,MT,892431,Montana,Mont.,MT
1998,NC,7809121,North Carolina,N.C.,NC
1998,ND,647532,North Dakota,N.D.,ND
1998,NE,1695816,Nebraska,Nebr.,NE
1998,NH,1205940,New Hampshire,N.H.,NH
1998,NJ,8287418,New Jersey,N.J.,NJ
1998,NM,1793484,New Mexico,N.M.,NM
1998,NV,1853191,Nevada,Nev.,NV
1998,NY,18755906,New York,N.Y.,NY
1998,OH,11311536,Ohio,Ohio,OH
1998,OK,3405194,Oklahoma,Okla.,OK
1998,OR,3352449,Oregon,Ore.,OR
1998,PA,12245672,Pennsylvania,Pa.,PA
1998,RI,1031155,Rhode Island,R.I.,RI
1998,SC,3919235,South Carolina,S.C.,SC
1998,SD,746058,South Dakota,S.D.,SD
1998,TN,5570045,Tennessee,Tenn.,TN
1998,TX,20157531,Texas,Tex.,TX
1998,UT,2165960,Utah,Utah,UT
1998,VA,6900918,Virginia,Va.,VA
1998,VT,600416,Vermont,Vt.,VT
1998,WA,5769562,Washington,Wash.,WA
1998,WI,5297672,Wisconsin,Wis.,WI
1998,WV,1815609,West Virginia,W.Va.,WV
1998,WY,490787,Wyoming,Wyo.,WY
1999,AK,624779,Alaska,Alaska,AK
1999,AL,4430141,Alabama,Ala.,AL
1999,AR,2651860,Arkansas,Ark.,AR
1999,AZ,5023823,Arizona,Ariz.,AZ
1999,CA,33499204,California,Calif.,CA
1999,CO,4226018,Colorado,Colo.,CO
1999,CT,3386401,Connecticut,Conn.,CT
1999,DC,570213,District of Columbia,D.C.,DC
1999,DE,774990,Delaware,Del.,DE
1999,FL,15759421,Florida,Fla.,FL
1999,GA,8045965,Georgia,Ga.,GA
1999,HI,1210300,Hawaii,Hawaii,HI
1999,IA,2917634,Iowa,Iowa,IA
1999,ID,1275674,Idaho,Idaho,ID
1999,IL,12359020,Illinois,Ill.,IL
1999,IN,6044969,Indiana,Ind.,IN
1999,KS,2678338,Kansas,Kans.,KS
1999,KY,4018053,Kentucky,Ky.,KY
1999,LA,4460811,Louisiana,La.,LA
1999,MA,6317345,Massachusetts,Mass.,MA
1999,MD,5254509,Maryland,Md.,MD
1999,ME,1266808,Maine,Maine,ME
1999,MI,9897116,Michigan,Mich.,MI
1999,MN,4873481,Minnesota,Minn.,MN
1999,MO,5561948,Missouri,Mo.,MO
1999,MS,2828408,Mississippi,Miss.,MS
1999,MT,897507,Montana,Mont.,MT
1999,NC,7949361,North Carolina,N.C.,NC
1999,ND,644259,North Dakota,N.D.,ND
1999,NE,1704764,Nebraska,Nebr.,NE
1999,NH,1222014,New Hampshire,N.H.,NH
1999,NJ,8359592,New Jersey,N.J.,NJ
1999,NM,1808082,New Mexico,N.M.,NM
1999,NV,1934718,Nevada,Nev.,NV
1999,NY,18882725,New York,N.Y.,NY
1999,OH,11335454,Ohio,Ohio,OH
1999,OK,3437147,Oklahoma,Okla.,OK
1999,OR,3393941,Oregon,Ore.,OR
1999,PA,12263805,Pennsylvania,Pa.,PA
1999,RI,1040402,Rhode Island,R.I.,RI
1999,SC,3974682,South Carolina,S.C.,SC
1999,SD,750412,South Dakota,S.D.,SD
1999,TN,5638706,Tennessee,Tenn.,TN
1999,TX,20558220,Texas,Tex.,TX
1999,UT,2203482,Utah,Utah,UT
1999,VA,7000174,Virginia,Va.,VA
1999,VT,604683,Vermont,Vt.,VT
1999,WA,5842564,Washington,Wash.,WA
1999,WI,5332666,Wisconsin,Wis.,WI
1999,WV,1811799,West Virginia,W.Va.,WV
1999,WY,491780,Wyoming,Wyo.,WY
2000,AK,627963,Alaska,Alaska,AK
2000,AL,4452173,Alabama,Ala.,AL
2000,AR,2678588,Arkansas,Ark.,AR
2000,AZ,5160586,Arizona,Ariz.,AZ
2000,CA,33987977,California,Calif.,CA
2000,CO,4326921,Colorado,Colo.,CO
2000,CT,3411777,Connecticut,Conn.,CT
2000,DC,572046,District of Columbia,D.C.,DC
2000,DE,786373,Delaware,Del.,DE
2000,FL,16047515,Florida,Fla.,FL
2000,GA,8227303,Georgia,Ga.,GA
2000,HI,1213519,Hawaii,Hawaii,HI
2000,IA,2929067,Iowa,Iowa,IA
2000,ID,1299430,Idaho,Idaho,ID
2000,IL,12434161,Illinois,Ill.,IL
2000,IN,6091866,Indiana,Ind.,IN
2000,KS,2693681,Kansas,Kans.,KS
2000,KY,4049021,Kentucky,Ky.,KY
2000,LA,4471885,Louisiana,La.,LA
2000,MA,6361104,Massachusetts,Mass.,MA
2000,MD,5311034,Maryland,Md.,MD
2000,ME,1277072,Maine,Maine,ME
2000,MI,9952450,Michigan,Mich.,MI
2000,MN,4933692,Minnesota,Minn.,MN
2000,MO,5607285,Missouri,Mo.,MO
2000,MS,2848353,Mississippi,Miss.,MS
2000,MT,903773,Montana,Mont.,MT
2000,NC,8081614,North Carolina,N.C.,NC
2000,ND,642023,North Dakota,N.D.,ND
2000,NE,1713820,Nebraska,Nebr.,NE
2000,NH,1239882,New Hampshire,N.H.,NH
2000,NJ,8430621,New Jersey,N.J.,NJ
2000,NM,1821204,New Mexico,N.M.,NM
2000,NV,2018741,Nevada,Nev.,NV
2000,NY,19001780,New York,N.Y.,NY
2000,OH,11363543,Ohio,Ohio,OH
2000,OK,3454365,Oklahoma,Okla.,OK
2000,OR,3429708,Oregon,Ore.,OR
2000,PA,12284173,Pennsylvania,Pa.,PA
2000,RI,1050268,Rhode Island,R.I.,RI
2000,SC,4024223,South Carolina,S.C.,SC
2000,SD,755844,South Dakota,S.D.,SD
2000,TN,5703719,Tennessee,Tenn.,TN
2000,TX,20944499,Texas,Tex.,TX
2000,UT,2244502,Utah,Utah,UT
2000,VA,7105817,Virginia,Va.,VA
2000,VT,609618,Vermont,Vt.,VT
2000,WA,5910512,Washington,Wash.,WA
2000,WI,5373999,Wisconsin,Wis.,WI
2000,WV,1807021,West Virginia,W.Va.,WV
2000,WY,494300,Wyoming,Wyo.,WY
2001,AK,633714,Alaska,Alaska,AK
2001,AL,4467634,Alabama,Ala.,AL
2001,AR,2691571,Arkansas,Ark.,AR
2001,AZ,5273477,Arizona,Ariz.,AZ
2001,CA,34479458,California,Calif.,CA
2001,CO,4425687,Colorado,Colo.,CO
2001,CT,3432835,Connecticut,Conn.,CT
2001,DC,574504,District of Columbia,D.C.,DC
2001,DE,795699,Delaware,Del.,DE
2001,FL,16356966,Florida,Fla.,FL
2001,GA,8377038,Georgia,Ga.,GA
2001,HI,1225948,Hawaii,Hawaii,HI
2001,IA,2931997,Iowa,Iowa,IA
2001,ID,1319962,Idaho,Idaho,ID
2001,IL,12488445,Illinois,Ill.,IL
2001,IN,6127760,Indiana,Ind.,IN
2001,KS,2702162,Kansas,Kans.,KS
2001,KY,4068132,Kentucky,Ky.,KY
2001,LA,4477875,Louisiana,La.,LA
2001,MA,6397634,Massachusetts,Mass.,MA
2001,MD,5374691,Maryland,Md.,MD
2001,ME,1285692,Maine,Maine,ME
2001,MI,9991120,Michigan,Mich.,MI
2001,MN,4982796,Minnesota,Minn.,MN
2001,MO,5641142,Missouri,Mo.,MO
2001,MS,2852994,Mississippi,Miss.,MS
2001,MT,906961,Montana,Mont.,MT
2001,NC,8210122,North Carolina,N.C.,NC
2001,ND,639062,North Dakota,N.D.,ND
2001,NE,1719836,Nebraska,Nebr.,NE
2001,NH,1255517,New Hampshire,N.H.,NH
2001,NJ,8492671,New Jersey,N.J.,NJ
2001,NM,1831690,New Mexico,N.M.,NM
2001,NV,2098399,Nevada,Nev.,NV
2001,NY,19082838,New York,N.Y.,NY
2001,OH,11387404,Ohio,Ohio,OH
2001,OK,3467100,Oklahoma,Okla.,OK
2001,OR,3467937,Oregon,Ore.,OR
2001,PA,12298970,Pennsylvania,Pa.,PA
2001,RI,1057142,Rhode Island,R.I.,RI
2001,SC,4064995,South Carolina,S.C.,SC
2001,SD,757972,South Dakota,S.D.,SD
2001,TN,5750789,Tennessee,Tenn.,TN
2001,TX,21319622,Texas,Tex.,TX
2001,UT,2283715,Utah,Utah,UT
2001,VA,7198362,Virginia,Va.,VA
2001,VT,612223,Vermont,Vt.,VT
2001,WA,5985722,Washington,Wash.,WA
2001,WI,5406835,Wisconsin,Wis.,WI
2001,WV,1801481,West Virginia,W.Va.,WV
2001,WY,494657,Wyoming,Wyo.,WY
2002,AK,642337,Alaska,Alaska,AK
2002,AL,4480089,Alabama,Ala.,AL
2002,AR,2705927,Arkansas,Ark.,AR
2002,AZ,5396255,Arizona,Ariz.,AZ
2002,CA,34871843,California,Calif.,CA
2002,CO,4490406,Colorado,Colo.,CO
2002,CT,3458749,Connecticut,Conn.,CT
2002,DC,573158,District of Columbia,D.C.,DC
2002,DE,806169,Delaware,Del.,DE
2002,FL,16689370,Florida,Fla.,FL
2002,GA,8508256,Georgia,Ga.,GA
2002,HI,1239613,Hawaii,Hawaii,HI
2002,IA,2934234,Iowa,Iowa,IA
2002,ID,1340372,Idaho,Idaho,ID
2002,IL,12525556,Illinois,Ill.,IL
2002,IN,6155967,Indiana,Ind.,IN
2002,KS,2713535,Kansas,Kans.,KS
2002,KY,4089875,Kentucky,Ky.,KY
2002,LA,4497267,Louisiana,La.,LA
2002,MA,6417206,Massachusetts,Mass.,MA
2002,MD,5440389,Maryland,Md.,MD
2002,ME,1295960,Maine,Maine,ME
2002,MI,10015710,Michigan,Mich.,MI
2002,MN,5018935,Minnesota,Minn.,MN
2002,MO,5674825,Missouri,Mo.,MO
2002,MS,2858681,Mississippi,Miss.,MS
2002,MT,911667,Montana,Mont.,MT
2002,NC,8326201,North Carolina,N.C.,NC
2002,ND,638168,North Dakota,N.D.,ND
2002,NE,1728292,Nebraska,Nebr.,NE
2002,NH,1269089,New Hampshire,N.H.,NH
2002,NJ,8552643,New Jersey,N.J.,NJ
2002,NM,1855309,New Mexico,N.M.,NM
2002,NV,2173791,Nevada,Nev.,NV
2002,NY,19137800,New York,N.Y.,NY
2002,OH,11407889,Ohio,Ohio,OH
2002,OK,3489080,Oklahoma,Okla.,OK
2002,OR,3513424,Oregon,Ore.,OR
2002,PA,12331031,Pennsylvania,Pa.,PA
2002,RI,1065995,Rhode Island,R.I.,RI
2002,SC,4107795,South Carolina,S.C.,SC
2002,SD,760020,South Dakota,S.D.,SD
2002,TN,5795918,Tennessee,Tenn.,TN
2002,TX,21690325,Texas,Tex.,TX
2002,UT,2324815,Utah,Utah,UT
2002,VA,7286873,Virginia,Va.,VA
2002,VT,615442,Vermont,Vt.,VT
2002,WA,6052349,Washington,Wash.,WA
2002,WI,5445162,Wisconsin,Wis.,WI
2002,WV,1805414,West Virginia,W.Va.,WV
2002,WY,500017,Wyoming,Wyo.,WY
2003,AK,648414,Alaska,Alaska,AK
2003,AL,4503491,Alabama,Ala.,AL
2003,AR,2724816,Arkansas,Ark.,AR
2003,AZ,5510364,Arizona,Ariz.,AZ
2003,CA,35253159,California,Calif.,CA
2003,CO,4528732,Colorado,Colo.,CO
2003,CT,3484336,Connecticut,Conn.,CT
2003,DC,568502,District of Columbia,D.C.,DC
2003,DE,818003,Delaware,Del.,DE
2003,FL,17004085,Florida,Fla.,FL
2003,GA,8622793,Georgia,Ga.,GA
2003,HI,1251154,Hawaii,Hawaii,HI
2003,IA,2941999,Iowa,Iowa,IA
2003,ID,1363380,Idaho,Idaho,ID
2003,IL,12556006,Illinois,Ill.,IL
2003,IN,6196638,Indiana,Ind.,IN
2003,KS,2723004,Kansas,Kans.,KS
2003,KY,4117170,Kentucky,Ky.,KY
2003,LA,4521042,Louisiana,La.,LA
2003,MA,6422565,Massachusetts,Mass.,MA
2003,MD,5496269,Maryland,Md.,MD
2003,ME,1306513,Maine,Maine,ME
2003,MI,10041152,Michigan,Mich.,MI
2003,MN,5053572,Minnesota,Minn.,MN
2003,MO,5709403,Missouri,Mo.,MO
2003,MS,2868312,Mississippi,Miss.,MS
2003,MT,919630,Montana,Mont.,MT
2003,NC,8422501,North Carolina,N.C.,NC
2003,ND,638817,North Dakota,N.D.,ND
2003,NE,1738643,Nebraska,Nebr.,NE
2003,NH,1279840,New Hampshire,N.H.,NH
2003,NJ,8601402,New Jersey,N.J.,NJ
2003,NM,1877574,New Mexico,N.M.,NM
2003,NV,2248850,Nevada,Nev.,NV
2003,NY,19175939,New York,N.Y.,NY
2003,OH,11434788,Ohio,Ohio,OH
2003,OK,3504892,Oklahoma,Okla.,OK
2003,OR,3547376,Oregon,Ore.,OR
2003,PA,12374658,Pennsylvania,Pa.,PA
2003,RI,1071342,Rhode Island,R.I.,RI
2003,SC,4150297,South Carolina,S.C.,SC
2003,SD,763729,South Dakota,S.D.,SD
2003,TN,5847812,Tennessee,Tenn.,TN
2003,TX,22030931,Texas,Tex.,TX
2003,UT,2360137,Utah,Utah,UT
2003,VA,7366977,Virginia,Va.,VA
2003,VT,617858,Vermont,Vt.,VT
2003,WA,6104115,Washington,Wash.,WA
2003,WI,5479203,Wisconsin,Wis.,WI
2003,WV,1812295,West Virginia,W.Va.,WV
2003,WY,503453,Wyoming,Wyo.,WY
2004,AK,659286,Alaska,Alaska,AK
2004,AL,4530729,Alabama,Ala.,AL
2004,AR,2749686,Arkansas,Ark.,AR
2004,AZ,5652404,Arizona,Ariz.,AZ
2004,CA,35574576,California,Calif.,CA
2004,CO,4575013,Colorado,Colo.,CO
2004,CT,3496094,Connecticut,Conn.,CT
2004,DC,567754,District of Columbia,D.C.,DC
2004,DE,830803,Delaware,Del.,DE
2004,FL,17415318,Florida,Fla.,FL
2004,GA,8769252,Georgia,Ga.,GA
2004,HI,1273569,Hawaii,Hawaii,HI
2004,IA,2953635,Iowa,Iowa,IA
2004,ID,1391802,Idaho,Idaho,ID
2004,IL,12589773,Illinois,Ill.,IL
2004,IN,6233007,Indiana,Ind.,IN
2004,KS,2734373,Kansas,Kans.,KS
2004,KY,4146101,Kentucky,Ky.,KY
2004,LA,4552238,Louisiana,La.,LA
2004,MA,6412281,Massachusetts,Mass.,MA
2004,MD,5546935,Maryland,Md.,MD
2004,ME,1313688,Maine,Maine,ME
2004,MI,10055315,Michigan,Mich.,MI
2004,MN,5087713,Minnesota,Minn.,MN
2004,MO,5747741,Missouri,Mo.,MO
2004,MS,2889010,Mississippi,Miss.,MS
2004,MT,930009,Montana,Mont.,MT
2004,NC,8553152,North Carolina,N.C.,NC
2004,ND,644705,North Dakota,N.D.,ND
2004,NE,1749370,Nebraska,Nebr.,NE
2004,NH,1290121,New Hampshire,N.H.,NH
2004,NJ,8634561,New Jersey,N.J.,NJ
2004,NM,1903808,New Mexico,N.M.,NM
2004,NV,2346222,Nevada,Nev.,NV
2004,NY,19171567,New York,N.Y.,NY
2004,OH,11452251,Ohio,Ohio,OH
2004,OK,3525233,Oklahoma,Okla.,OK
2004,OR,3569463,Oregon,Ore.,OR
2004,PA,12410722,Pennsylvania,Pa.,PA
2004,RI,1074579,Rhode Island,R.I.,RI
2004,SC,4210921,South Carolina,S.C.,SC
2004,SD,770396,South Dakota,S.D.,SD
2004,TN,5910809,Tennessee,Tenn.,TN
2004,TX,22394023,Texas,Tex.,TX
2004,UT,2401580,Utah,Utah,UT
2004,VA,7475575,Virginia,Va.,VA
2004,VT,619920,Vermont,Vt.,VT
2004,WA,6178645,Washington,Wash.,WA
2004,WI,5514026,Wisconsin,Wis.,WI
2004,WV,1816438,West Virginia,W.Va.,WV
2004,WY,509106,Wyoming,Wyo.,WY
2005,AK,666946,Alaska,Alaska,AK
2005,AL,4565917,Alabama,Ala.,AL
2005,AR,2781097,Arkansas,Ark.,AR
2005,AZ,5839077,Arizona,Ariz.,AZ
2005,CA,35827943,California,Calif.,CA
2005,CO,4631888,Colorado,Colo.,CO
2005,CT,3506956,Connecticut,Conn.,CT
2005,DC,567136,District of Columbia,D.C.,DC
2005,DE,845150,Delaware,Del.,DE
2005,FL,17842038,Florida,Fla.,FL
2005,GA,8925922,Georgia,Ga.,GA
2005,HI,1292729,Hawaii,Hawaii,HI
2005,IA,2964454,Iowa,Iowa,IA
2005,ID,1428241,Idaho,Idaho,ID
2005,IL,12609903,Illinois,Ill.,IL
2005,IN,6278616,Indiana,Ind.,IN
2005,KR,203937,,,
2005,KS,2745299,Kansas,Kans.,KS
2005,KY,4182742,Kentucky,Ky.,KY
2005,LA,4411396,Louisiana,La.,LA
2005,MA,6403290,Massachusetts,Mass.,MA
2005,MD,5592379,Maryland,Md.,MD
2005,ME,1318787,Maine,Maine,ME
2005,MI,10051137,Michigan,Mich.,MI
2005,MN,5119598,Minnesota,Minn.,MN
2005,MO,5790300,Missouri,Mo.,MO
2005,MS,2876229,Mississippi,Miss.,MS
2005,MT,940102,Montana,Mont.,MT
2005,NC,8705407,North Carolina,N.C.,NC
2005,ND,646089,North Dakota,N.D.,ND
2005,NE,1761497,Nebraska,Nebr.,NE
2005,NH,1298492,New Hampshire,N.H.,NH
2005,NJ,8651974,New Jersey,N.J.,NJ
2005,NM,1932274,New Mexico,N.M.,NM
2005,NV,2432143,Nevada,Nev.,NV
2005,NY,19132610,New York,N.Y.,NY
2005,OH,11463320,Ohio,Ohio,OH
2005,OK,3548597,Oklahoma,Okla.,OK
2005,OR,3613202,Oregon,Ore.,OR
2005,PA,12449990,Pennsylvania,Pa.,PA
2005,RI,1067916,Rhode Island,R.I.,RI
2005,SC,4270150,South Carolina,S.C.,SC
2005,SD,775493,South Dakota,S.D.,SD
2005,TN,5991057,Tennessee,Tenn.,TN
2005,TX,22773020,Texas,Tex.,TX
2005,UT,2457719,Utah,Utah,UT
2005,VA,7577105,Virginia,Va.,VA
2005,VT,621215,Vermont,Vt.,VT
2005,WA,6257305,Washington,Wash.,WA
2005,WI,5546166,Wisconsin,Wis.,WI
2005,WV,1820492,West Virginia,W.Va.,WV
2005,WY,514157,Wyoming,Wyo.,WY
2006,AK,675302,Alaska,Alaska,AK
2006,AL,4628981,Alabama,Ala.,AL
2006,AR,2821761,Arkansas,Ark.,AR
2006,AZ,6029141,Arizona,Ariz.,AZ
2006,CA,36021202,California,Calif.,CA
2006,CO,4720423,Colorado,Colo.,CO
2006,CT,3517460,Connecticut,Conn.,CT
2006,DC,570681,District of Columbia,D.C.,DC
2006,DE,859268,Delaware,Del.,DE
2006,FL,18166990,Florida,Fla.,FL
2006,GA,9155813,Georgia,Ga.,GA
2006,HI,1309731,Hawaii,Hawaii,HI
2006,IA,2982644,Iowa,Iowa,IA
2006,ID,1468669,Idaho,Idaho,ID
2006,IL,12643955,Illinois,Ill.,IL
2006,IN,6332669,Indiana,Ind.,IN
2006,KS,2762931,Kansas,Kans.,KS
2006,KY,4219239,Kentucky,Ky.,KY
2006,LA,4302665,Louisiana,La.,LA
2006,MA,6410084,Massachusetts,Mass.,MA
2006,MD,5627367,Maryland,Md.,MD
2006,ME,1323619,Maine,Maine,ME
2006,MI,10036081,Michigan,Mich.,MI
2006,MN,5163555,Minnesota,Minn.,MN
2006,MO,5842704,Missouri,Mo.,MO
2006,MS,2904978,Mississippi,Miss.,MS
2006,MT,952692,Montana,Mont.,MT
2006,NC,8917270,North Carolina,N.C.,NC
2006,ND,649422,North Dakota,N.D.,ND
2006,NE,1772693,Nebraska,Nebr.,NE
2006,NH,1308389,New Hampshire,N.H.,NH
2006,NJ,8661679,New Jersey,N.J.,NJ
2006,NM,1962137,New Mexico,N.M.,NM
2006,NV,2522658,Nevada,Nev.,NV
2006,NY,19104631,New York,N.Y.,NY
2006,OH,11481213,Ohio,Ohio,OH
2006,OK,3594090,Oklahoma,Okla.,OK
2006,OR,3670883,Oregon,Ore.,OR
2006,PA,12510809,Pennsylvania,Pa.,PA
2006,RI,1063096,Rhode Island,R.I.,RI
2006,SC,4357847,South Carolina,S.C.,SC
2006,SD,783033,South Dakota,S.D.,SD
2006,TN,6088766,Tennessee,Tenn.,TN
2006,TX,23359580,Texas,Tex.,TX
2006,UT,2525507,Utah,Utah,UT
2006,VA,7673725,Virginia,Va.,VA
2006,VT,622892,Vermont,Vt.,VT
2006,WA,6370753,Washington,Wash.,WA
2006,WI,5577655,Wisconsin,Wis.,WI
2006,WV,1827912,West Virginia,W.Va.,WV
2006,WY,522667,Wyoming,Wyo.,WY
2007,AK,680300,Alaska,Alaska,AK
2007,AL,4672840,Alabama,Ala.,AL
2007,AR,2848650,Arkansas,Ark.,AR
2007,AZ,6167681,Arizona,Ariz.,AZ
2007,CA,36250311,California,Calif.,CA
2007,CO,4803868,Colorado,Colo.,CO
2007,CT,3527270,Connecticut,Conn.,CT
2007,DC,574404,District of Columbia,D.C.,DC
2007,DE,871749,Delaware,Del.,DE
2007,FL,18367842,Florida,Fla.,FL
2007,GA,9349988,Georgia,Ga.,GA
2007,HI,1315675,Hawaii,Hawaii,HI
2007,IA,2999212,Iowa,Iowa,IA
2007,ID,1505105,Idaho,Idaho,ID
2007,IL,12695866,Illinois,Ill.,IL
2007,IN,6379599,Indiana,Ind.,IN
2007,KS,2783785,Kansas,Kans.,KS
2007,KY,4256672,Kentucky,Ky.,KY
2007,LA,4375581,Louisiana,La.,LA
2007,MA,6431559,Massachusetts,Mass.,MA
2007,MD,5653408,Maryland,Md.,MD
2007,ME,1327040,Maine,Maine,ME
2007,MI,10001284,Michigan,Mich.,MI
2007,MN,5207203,Minnesota,Minn.,MN
2007,MO,5887612,Missouri,Mo.,MO
2007,MS,2928350,Mississippi,Miss.,MS
2007,MT,964706,Montana,Mont.,MT
2007,NC,9118037,North Carolina,N.C.,NC
2007,ND,652822,North Dakota,N.D.,ND
2007,NE,1783440,Nebraska,Nebr.,NE
2007,NH,1312540,New Hampshire,N.H.,NH
2007,NJ,8677885,New Jersey,N.J.,NJ
2007,NM,1990070,New Mexico,N.M.,NM
2007,NV,2601072,Nevada,Nev.,NV
2007,NY,19132335,New York,N.Y.,NY
2007,OH,11500468,Ohio,Ohio,OH
2007,OK,3634349,Oklahoma,Okla.,OK
2007,OR,3722417,Oregon,Ore.,OR
2007,PA,12563937,Pennsylvania,Pa.,PA
2007,RI,1057315,Rhode Island,R.I.,RI
2007,SC,4444110,South Carolina,S.C.,SC
2007,SD,791623,South Dakota,S.D.,SD
2007,TN,6175727,Tennessee,Tenn.,TN
2007,TX,23831983,Texas,Tex.,TX
2007,UT,2597746,Utah,Utah,UT
2007,VA,7751000,Virginia,Va.,VA
2007,VT,623481,Vermont,Vt.,VT
2007,WA,6461587,Washington,Wash.,WA
2007,WI,5610775,Wisconsin,Wis.,WI
2007,WV,1834052,West Virginia,W.Va.,WV
2007,WY,534876,Wyoming,Wyo.,WY
2008,AK,687455,Alaska,Alaska,AK
2008,AL,4718206,Alabama,Ala.,AL
2008,AR,2874554,Arkansas,Ark.,AR
2008,AZ,6280362,Arizona,Ariz.,AZ
2008,CA,36604337,California,Calif.,CA
2008,CO,4889730,Colorado,Colo.,CO
2008,CT,3545579,Connecticut,Conn.,CT
2008,DC,580236,District of Columbia,D.C.,DC
2008,DE,883874,Delaware,Del.,DE
2008,FL,18527305,Florida,Fla.,FL
2008,GA,9504843,Georgia,Ga.,GA
2008,HI,1332213,Hawaii,Hawaii,HI
2008,IA,3016734,Iowa,Iowa,IA
2008,ID,1534320,Idaho,Idaho,ID
2008,IL,12747038,Illinois,Ill.,IL
2008,IN,6424806,Indiana,Ind.,IN
2008,KS,2808076,Kansas,Kans.,KS
2008,KY,4289878,Kentucky,Ky.,KY
2008,LA,4435586,Louisiana,La.,LA
2008,MA,6468967,Massachusetts,Mass.,MA
2008,MD,5684965,Maryland,Md.,MD
2008,ME,1330509,Maine,Maine,ME
2008,MI,9946889,Michigan,Mich.,MI
2008,MN,5247018,Minnesota,Minn.,MN
2008,MO,5923916,Missouri,Mo.,MO
2008,MS,2947806,Mississippi,Miss.,MS
2008,MT,976415,Montana,Mont.,MT
2008,NC,9309449,North Carolina,N.C.,NC
2008,ND,657569,North Dakota,N.D.,ND
2008,NE,1796378,Nebraska,Nebr.,NE
2008,NH,1315906,New Hampshire,N.H.,NH
2008,NJ,8711090,New Jersey,N.J.,NJ
2008,NM,2010662,New Mexico,N.M.,NM
2008,NV,2653630,Nevada,Nev.,NV
2008,NY,19212436,New York,N.Y.,NY
2008,OH,11515391,Ohio,Ohio,OH
2008,OK,3668976,Oklahoma,Okla.,OK
2008,OR,3768748,Oregon,Ore.,OR
2008,PA,12612285,Pennsylvania,Pa.,PA
2008,RI,1055003,Rhode Island,R.I.,RI
2008,SC,4528996,South Carolina,S.C.,SC
2008,SD,799124,South Dakota,S.D.,SD
2008,TN,6247411,Tennessee,Tenn.,TN
2008,TX,24309039,Texas,Tex.,TX
2008,UT,2663029,Utah,Utah,UT
2008,VA,7833496,Virginia,Va.,VA
2008,VT,624151,Vermont,Vt.,VT
2008,WA,6562231,Washington,Wash.,WA
2008,WI,5640996,Wisconsin,Wis.,WI
2008,WV,1840310,West Virginia,W.Va.,WV
2008,WY,546043,Wyoming,Wyo.,WY
2009,AK,698895,Alaska,Alaska,AK
2009,AL,4757938,Alabama,Ala.,AL
2009,AR,2896843,Arkansas,Ark.,AR
2009,AZ,6343154,Arizona,Ariz.,AZ
2009,CA,36961229,California,Calif.,CA
2009,CO,4972195,Colorado,Colo.,CO
2009,CT,3561807,Connecticut,Conn.,CT
2009,DC,592228,District of Columbia,D.C.,DC
2009,DE,891730,Delaware,Del.,DE
2009,FL,18652644,Florida,Fla.,FL
2009,GA,9620846,Georgia,Ga.,GA
2009,HI,1346717,Hawaii,Hawaii,HI
2009,IA,3032870,Iowa,Iowa,IA
2009,ID,1554439,Idaho,Idaho,ID
2009,IL,12796778,Illinois,Ill.,IL
2009,IN,6459325,Indiana,Ind.,IN
2009,KS,2832704,Kansas,Kans.,KS
2009,KY,4317074,Kentucky,Ky.,KY
2009,LA,4491648,Louisiana,La.,LA
2009,MA,6517613,Massachusetts,Mass.,MA
2009,MD,5730388,Maryland,Md.,MD
2009,ME,1329590,Maine,Maine,ME
2009,MI,9901591,Michigan,Mich.,MI
2009,MN,5281203,Minnesota,Minn.,MN
2009,MO,5961088,Missouri,Mo.,MO
2009,MS,2958774,Mississippi,Miss.,MS
2009,MT,983982,Montana,Mont.,MT
2009,NC,9449566,North Carolina,N.C.,NC
2009,ND,664968,North Dakota,N.D.,ND
2009,NE,1812683,Nebraska,Nebr.,NE
2009,NH,1316102,New Hampshire,N.H.,NH
2009,NJ,8755602,New Jersey,N.J.,NJ
2009,NM,2036802,New Mexico,N.M.,NM
2009,NV,2684665,Nevada,Nev.,NV
2009,NY,19307066,New York,N.Y.,NY
2009,OH,11528896,Ohio,Ohio,OH
2009,OK,3717572,Oklahoma,Okla.,OK
2009,OR,3808600,Oregon,Ore.,OR
2009,PA,12666858,Pennsylvania,Pa.,PA
2009,RI,1053646,Rhode Island,R.I.,RI
2009,SC,4589872,South Carolina,S.C.,SC
2009,SD,807067,South Dakota,S.D.,SD
2009,TN,6306019,Tennessee,Tenn.,TN
2009,TX,24801761,Texas,Tex.,TX
2009,UT,2723421,Utah,Utah,UT
2009,VA,7925937,Virginia,Va.,VA
2009,VT,624817,Vermont,Vt.,VT
2009,WA,6667426,Washington,Wash.,WA
2009,WI,5669264,Wisconsin,Wis.,WI
2009,WV,1847775,West Virginia,W.Va.,WV
2009,WY,559851,Wyoming,Wyo.,WY
2010,AK,713910,Alaska,Alaska,AK
2010,AL,4785437,Alabama,Ala.,AL
2010,AR,2921964,Arkansas,Ark.,AR
2010,AZ,6407172,Arizona,Ariz.,AZ
2010,CA,37319502,California,Calif.,CA
2010,CO,5047349,Colorado,Colo.,CO
2010,CT,3579114,Connecticut,Conn.,CT
2010,DC,605226,District of Columbia,D.C.,DC
2010,DE,899593,Delaware,Del.,DE
2010,FL,18845537,Florida,Fla.,FL
2010,GA,9711881,Georgia,Ga.,GA
2010,HI,1363963,Hawaii,Hawaii,HI
2010,IA,3050745,Iowa,Iowa,IA
2010,ID,1570746,Idaho,Idaho,ID
2010,IL,12840503,Illinois,Ill.,IL
2010,IN,6490432,Indiana,Ind.,IN
2010,KS,2858190,Kansas,Kans.,KS
2010,KY,4348181,Kentucky,Ky.,KY
2010,LA,4544532,Louisiana,La.,LA
2010,MA,6566307,Massachusetts,Mass.,MA
2010,MD,5788645,Maryland,Md.,MD
2010,ME,1327629,Maine,Maine,ME
2010,MI,9877510,Michigan,Mich.,MI
2010,MN,5310828,Minnesota,Minn.,MN
2010,MO,5995974,Missouri,Mo.,MO
2010,MS,2970548,Mississippi,Miss.,MS
2010,MT,990697,Montana,Mont.,MT
2010,NC,9574323,North Carolina,N.C.,NC
2010,ND,674715,North Dakota,N.D.,ND
2010,NE,1829542,Nebraska,Nebr.,NE
2010,NH,1316762,New Hampshire,N.H.,NH
2010,NJ,8799446,New Jersey,N.J.,NJ
2010,NM,2064552,New Mexico,N.M.,NM
2010,NV,2702405,Nevada,Nev.,NV
2010,NY,19399878,New York,N.Y.,NY
2010,OH,11539336,Ohio,Ohio,OH
2010,OK,3759944,Oklahoma,Okla.,OK
2010,OR,3837491,Oregon,Ore.,OR
2010,PA,12711160,Pennsylvania,Pa.,PA
2010,RI,1053959,Rhode Island,R.I.,RI
2010,SC,4635649,South Carolina,S.C.,SC
2010,SD,816166,South Dakota,S.D.,SD
2010,TN,6355311,Tennessee,Tenn.,TN
2010,TX,25241971,Texas,Tex.,TX
2010,UT,2775332,Utah,Utah,UT
2010,VA,8023699,Virginia,Va.,VA
2010,VT,625879,Vermont,Vt.,VT
2010,WA,6742830,Washington,Wash.,WA
2010,WI,5690475,Wisconsin,Wis.,WI
2010,WV,1854239,West Virginia,W.Va.,WV
2010,WY,564487,Wyoming,Wyo.,WY
2011,AK,722128,Alaska,Alaska,AK
2011,AL,4799069,Alabama,Ala.,AL
2011,AR,2940667,Arkansas,Ark.,AR
2011,AZ,6472643,Arizona,Ariz.,AZ
2011,CA,37638369,California,Calif.,CA
2011,CO,5121108,Colorado,Colo.,CO
2011,CT,3588283,Connecticut,Conn.,CT
2011,DC,619800,District of Columbia,D.C.,DC
2011,DE,907381,Delaware,Del.,DE
2011,FL,19053237,Florida,Fla.,FL
2011,GA,9802431,Georgia,Ga.,GA
2011,HI,1379329,Hawaii,Hawaii,HI
2011,IA,3066336,Iowa,Iowa,IA
2011,ID,1583910,Idaho,Idaho,ID
2011,IL,12867454,Illinois,Ill.,IL
2011,IN,6516528,Indiana,Ind.,IN
2011,KS,2869225,Kansas,Kans.,KS
2011,KY,4369821,Kentucky,Ky.,KY
2011,LA,4575625,Louisiana,La.,LA
2011,MA,6613583,Massachusetts,Mass.,MA
2011,MD,5839419,Maryland,Md.,MD
2011,ME,1328284,Maine,Maine,ME
2011,MI,9882412,Michigan,Mich.,MI
2011,MN,5346143,Minnesota,Minn.,MN
2011,MO,6010275,Missouri,Mo.,MO
2011,MS,2978731,Mississippi,Miss.,MS
2011,MT,997316,Montana,Mont.,MT
2011,NC,9657592,North Carolina,N.C.,NC
2011,ND,685225,North Dakota,N.D.,ND
2011,NE,1840672,Nebraska,Nebr.,NE
2011,NH,1320202,New Hampshire,N.H.,NH
2011,NJ,8828117,New Jersey,N.J.,NJ
2011,NM,2080450,New Mexico,N.M.,NM
2011,NV,2712730,Nevada,Nev.,NV
2011,NY,19499241,New York,N.Y.,NY
2011,OH,11544663,Ohio,Ohio,OH
2011,OK,3788379,Oklahoma,Okla.,OK
2011,OR,3872036,Oregon,Ore.,OR
2011,PA,12745815,Pennsylvania,Pa.,PA
2011,RI,1053649,Rhode Island,R.I.,RI
2011,SC,4671994,South Carolina,S.C.,SC
2011,SD,823579,South Dakota,S.D.,SD
2011,TN,6399291,Tennessee,Tenn.,TN
2011,TX,25645629,Texas,Tex.,TX
2011,UT,2814384,Utah,Utah,UT
2011,VA,8101155,Virginia,Va.,VA
2011,VT,627049,Vermont,Vt.,VT
2011,WA,6826627,Washington,Wash.,WA
2011,WI,5705288,Wisconsin,Wis.,WI
2011,WV,1856301,West Virginia,W.Va.,WV
2011,WY,567299,Wyoming,Wyo.,WY
2012,AK,730443,Alaska,Alaska,AK
2012,AL,4815588,Alabama,Ala.,AL
2012,AR,2952164,Arkansas,Ark.,AR
2012,AZ,6554978,Arizona,Ariz.,AZ
2012,CA,37948800,California,Calif.,CA
2012,CO,5192647,Colorado,Colo.,CO
2012,CT,3594547,Connecticut,Conn.,CT
2012,DC,634924,District of Columbia,D.C.,DC
2012,DE,915179,Delaware,Del.,DE
2012,FL,19297822,Florida,Fla.,FL
2012,GA,9901430,Georgia,Ga.,GA
2012,HI,1394804,Hawaii,Hawaii,HI
2012,IA,3076190,Iowa,Iowa,IA
2012,ID,1595324,Idaho,Idaho,ID
2012,IL,12882510,Illinois,Ill.,IL
2012,IN,6537703,Indiana,Ind.,IN
2012,KS,2885257,Kansas,Kans.,KS
2012,KY,4386346,Kentucky,Ky.,KY
2012,LA,4600972,Louisiana,La.,LA
2012,MA,6663005,Massachusetts,Mass.,MA
2012,MD,5886992,Maryland,Md.,MD
2012,ME,1327729,Maine,Maine,ME
2012,MI,9897145,Michigan,Mich.,MI
2012,MN,5376643,Minnesota,Minn.,MN
2012,MO,6024367,Missouri,Mo.,MO
2012,MS,2983816,Mississippi,Miss.,MS
2012,MT,1003783,Montana,Mont.,MT
2012,NC,9749476,North Carolina,N.C.,NC
2012,ND,701176,North Dakota,N.D.,ND
2012,NE,1853303,Nebraska,Nebr.,NE
2012,NH,1324232,New Hampshire,N.H.,NH
2012,NJ,8844942,New Jersey,N.J.,NJ
2012,NM,2087309,New Mexico,N.M.,NM
2012,NV,2743996,Nevada,Nev.,NV
2012,NY,19572932,New York,N.Y.,NY
2012,OH,11548923,Ohio,Ohio,OH
2012,OK,3818814,Oklahoma,Okla.,OK
2012,OR,3899001,Oregon,Ore.,OR
2012,PA,12767118,Pennsylvania,Pa.,PA
2012,RI,1054621,Rhode Island,R.I.,RI
2012,SC,4717354,South Carolina,S.C.,SC
2012,SD,833566,South Dakota,S.D.,SD
2012,TN,6453898,Tennessee,Tenn.,TN
2012,TX,26084481,Texas,Tex.,TX
2012,UT,2853375,Utah,Utah,UT
2012,VA,8185080,Virginia,Va.,VA
2012,VT,626090,Vermont,Vt.,VT
2012,WA,6897058,Washington,Wash.,WA
2012,WI,5719960,Wisconsin,Wis.,WI
2012,WV,1856872,West Virginia,W.Va.,WV
2012,WY,576305,Wyoming,Wyo.,WY
2013,AK,737068,Alaska,Alaska,AK
2013,AL,4830081,Alabama,Ala.,AL
2013,AR,2959400,Arkansas,Ark.,AR
2013,AZ,6632764,Arizona,Ariz.,AZ
2013,CA,38260787,California,Calif.,CA
2013,CO,5269035,Colorado,Colo.,CO
2013,CT,3594841,Connecticut,Conn.,CT
2013,DC,650581,District of Columbia,D.C.,DC
2013,DE,923576,Delaware,Del.,DE
2013,FL,19545621,Florida,Fla.,FL
2013,GA,9972479,Georgia,Ga.,GA
2013,HI,1408243,Hawaii,Hawaii,HI
2013,IA,3092997,Iowa,Iowa,IA
2013,ID,1611206,Idaho,Idaho,ID
2013,IL,12895129,Illinois,Ill.,IL
2013,IN,6568713,Indiana,Ind.,IN
2013,KS,2893212,Kansas,Kans.,KS
2013,KY,4404659,Kentucky,Ky.,KY
2013,LA,4624527,Louisiana,La.,LA
2013,MA,6713315,Massachusetts,Mass.,MA
2013,MD,5923188,Maryland,Md.,MD
2013,ME,1328009,Maine,Maine,ME
2013,MI,9913065,Michigan,Mich.,MI
2013,MN,5413479,Minnesota,Minn.,MN
2013,MO,6040715,Missouri,Mo.,MO
2013,MS,2988711,Mississippi,Miss.,MS
2013,MT,1013569,Montana,Mont.,MT
2013,NC,9843336,North Carolina,N.C.,NC
2013,ND,722036,North Dakota,N.D.,ND
2013,NE,1865279,Nebraska,Nebr.,NE
2013,NH,1326622,New Hampshire,N.H.,NH
2013,NJ,8856972,New Jersey,N.J.,NJ
2013,NM,2092273,New Mexico,N.M.,NM
2013,NV,2775970,Nevada,Nev.,NV
2013,NY,19624447,New York,N.Y.,NY
2013,OH,11576684,Ohio,Ohio,OH
2013,OK,3853214,Oklahoma,Okla.,OK
2013,OR,3922468,Oregon,Ore.,OR
2013,PA,12776309,Pennsylvania,Pa.,PA
2013,RI,1055081,Rhode Island,R.I.,RI
2013,SC,4764080,South Carolina,S.C.,SC
2013,SD,842316,South Dakota,S.D.,SD
2013,TN,6494340,Tennessee,Tenn.,TN
2013,TX,26480266,Texas,Tex.,TX
2013,UT,2897640,Utah,Utah,UT
2013,VA,8252427,Virginia,Va.,VA
2013,VT,626210,Vermont,Vt.,VT
2013,WA,6963985,Washington,Wash.,WA
2013,WI,5736754,Wisconsin,Wis.,WI
2013,WV,1853914,West Virginia,W.Va.,WV
2013,WY,582122,Wyoming,Wyo.,WY
2014,AK,736283,Alaska,Alaska,AK
2014,AL,4841799,Alabama,Ala.,AL
2014,AR,2967392,Arkansas,Ark.,AR
2014,AZ,6730413,Arizona,Ariz.,AZ
2014,CA,38596972,California,Calif.,CA
2014,CO,5350101,Colorado,Colo.,CO
2014,CT,3594524,Connecticut,Conn.,CT
2014,DC,662328,District of Columbia,D.C.,DC
2014,DE,932487,Delaware,Del.,DE
2014,FL,19845911,Florida,Fla.,FL
2014,GA,10067278,Georgia,Ga.,GA
2014,HI,1414538,Hawaii,Hawaii,HI
2014,IA,3109350,Iowa,Iowa,IA
2014,ID,1631112,Idaho,Idaho,ID
2014,IL,12884493,Illinois,Ill.,IL
2014,IN,6593644,Indiana,Ind.,IN
2014,KS,2900475,Kansas,Kans.,KS
2014,KY,4414349,Kentucky,Ky.,KY
2014,LA,4644013,Louisiana,La.,LA
2014,MA,6762596,Massachusetts,Mass.,MA
2014,MD,5957283,Maryland,Md.,MD
2014,ME,1330513,Maine,Maine,ME
2014,MI,9929848,Michigan,Mich.,MI
2014,MN,5451079,Minnesota,Minn.,MN
2014,MO,6056202,Missouri,Mo.,MO
2014,MS,2990468,Mississippi,Miss.,MS
2014,MT,1021869,Montana,Mont.,MT
2014,NC,9932887,North Carolina,N.C.,NC
2014,ND,737401,North Dakota,N.D.,ND
2014,NE,1879321,Nebraska,Nebr.,NE
2014,NH,1333341,New Hampshire,N.H.,NH
2014,NJ,8864525,New Jersey,N.J.,NJ
2014,NM,2089568,New Mexico,N.M.,NM
2014,NV,2817628,Nevada,Nev.,NV
2014,NY,19651049,New York,N.Y.,NY
2014,OH,11602700,Ohio,Ohio,OH
2014,OK,3878187,Oklahoma,Okla.,OK
2014,OR,3963244,Oregon,Ore.,OR
2014,PA,12788313,Pennsylvania,Pa.,PA
2014,RI,1055936,Rhode Island,R.I.,RI
2014,SC,4823617,South Carolina,S.C.,SC
2014,SD,849129,South Dakota,S.D.,SD
2014,TN,6541223,Tennessee,Tenn.,TN
2014,TX,26964333,Texas,Tex.,TX
2014,UT,2936879,Utah,Utah,UT
2014,VA,8310993,Virginia,Va.,VA
2014,VT,625214,Vermont,Vt.,VT
2014,WA,7054655,Washington,Wash.,WA
2014,WI,5751525,Wisconsin,Wis.,WI
2014,WV,1849489,West Virginia,W.Va.,WV
2014,WY,582531,Wyoming,Wyo.,WY
2015,AK,737498,Alaska,Alaska,AK
2015,AL,4852347,Alabama,Ala.,AL
2015,AR,2978048,Arkansas,Ark.,AR
2015,AZ,6829676,Arizona,Ariz.,AZ
2015,CA,38918045,California,Calif.,CA
2015,CO,5450623,Colorado,Colo.,CO
2015,CT,3587122,Connecticut,Conn.,CT
2015,DC,675400,District of Columbia,D.C.,DC
2015,DE,941252,Delaware,Del.,DE
2015,FL,20209042,Florida,Fla.,FL
2015,GA,10178447,Georgia,Ga.,GA
2015,HI,1422052,Hawaii,Hawaii,HI
2015,IA,3120960,Iowa,Iowa,IA
2015,ID,1651059,Idaho,Idaho,ID
2015,IL,12858913,Illinois,Ill.,IL
2015,IN,6608422,Indiana,Ind.,IN
2015,KS,2909011,Kansas,Kans.,KS
2015,KY,4425976,Kentucky,Ky.,KY
2015,LA,4664628,Louisiana,La.,LA
2015,MA,6794228,Massachusetts,Mass.,MA
2015,MD,5985562,Maryland,Md.,MD
2015,ME,1328262,Maine,Maine,ME
2015,MI,9931715,Michigan,Mich.,MI
2015,MN,5482032,Minnesota,Minn.,MN
2015,MO,6071732,Missouri,Mo.,MO
2015,MS,2988471,Mississippi,Miss.,MS
2015,MT,1030475,Montana,Mont.,MT
2015,NC,10031646,North Carolina,N.C.,NC
2015,ND,754066,North Dakota,N.D.,ND
2015,NE,1891277,Nebraska,Nebr.,NE
2015,NH,1336350,New Hampshire,N.H.,NH
2015,NJ,8867949,New Jersey,N.J.,NJ
2015,NM,2089291,New Mexico,N.M.,NM
2015,NV,2866939,Nevada,Nev.,NV
2015,NY,19654666,New York,N.Y.,NY
2015,OH,11617527,Ohio,Ohio,OH
2015,OK,3909500,Oklahoma,Okla.,OK
2015,OR,4015792,Oregon,Ore.,OR
2015,PA,12784826,Pennsylvania,Pa.,PA
2015,RI,1056065,Rhode Island,R.I.,RI
2015,SC,4891938,South Carolina,S.C.,SC
2015,SD,853988,South Dakota,S.D.,SD
2015,TN,6591170,Tennessee,Tenn.,TN
2015,TX,27470056,Texas,Tex.,TX
2015,UT,2981835,Utah,Utah,UT
2015,VA,8361808,Virginia,Va.,VA
2015,VT,625216,Vermont,Vt.,VT
2015,WA,7163657,Washington,Wash.,WA
2015,WI,5760940,Wisconsin,Wis.,WI
2015,WV,1842050,West Virginia,W.Va.,WV
2015,WY,585613,Wyoming,Wyo.,WY
2016,AK,741456,Alaska,Alaska,AK
2016,AL,4863525,Alabama,Ala.,AL
2016,AR,2989918,Arkansas,Ark.,AR
2016,AZ,6941072,Arizona,Ariz.,AZ
2016,CA,39167117,California,Calif.,CA
2016,CO,5539215,Colorado,Colo.,CO
2016,CT,3578141,Connecticut,Conn.,CT
2016,DC,685815,District of Columbia,D.C.,DC
2016,DE,948921,Delaware,Del.,DE
2016,FL,20613477,Florida,Fla.,FL
2016,GA,10301890,Georgia,Ga.,GA
2016,HI,1427559,Hawaii,Hawaii,HI
2016,IA,3131371,Iowa,Iowa,IA
2016,ID,1682380,Idaho,Idaho,ID
2016,IL,12820527,Illinois,Ill.,IL
2016,IN,6634304,Indiana,Ind.,IN
2016,KS,2910844,Kansas,Kans.,KS
2016,KY,4438182,Kentucky,Ky.,KY
2016,LA,4678135,Louisiana,La.,LA
2016,MA,6823608,Massachusetts,Mass.,MA
2016,MD,6003323,Maryland,Md.,MD
2016,ME,1331317,Maine,Maine,ME
2016,MI,9950571,Michigan,Mich.,MI
2016,MN,5522744,Minnesota,Minn.,MN
2016,MO,6087135,Missouri,Mo.,MO
2016,MS,2987938,Mississippi,Miss.,MS
2016,MT,1040859,Montana,Mont.,MT
2016,NC,10154788,North Carolina,N.C.,NC
2016,ND,754434,North Dakota,N.D.,ND
2016,NE,1905616,Nebraska,Nebr.,NE
2016,NH,1342307,New Hampshire,N.H.,NH
2016,NJ,8870827,New Jersey,N.J.,NJ
2016,NM,2091630,New Mexico,N.M.,NM
2016,NV,2917563,Nevada,Nev.,NV
2016,NY,19633428,New York,N.Y.,NY
2016,OH,11634370,Ohio,Ohio,OH
2016,OK,3926331,Oklahoma,Okla.,OK
2016,OR,4089976,Oregon,Ore.,OR
2016,PA,12782275,Pennsylvania,Pa.,PA
2016,RI,1056770,Rhode Island,R.I.,RI
2016,SC,4957968,South Carolina,S.C.,SC
2016,SD,862996,South Dakota,S.D.,SD
2016,TN,6646010,Tennessee,Tenn.,TN
2016,TX,27914410,Texas,Tex.,TX
2016,UT,3041868,Utah,Utah,UT
2016,VA,8410106,Virginia,Va.,VA
2016,VT,623657,Vermont,Vt.,VT
2016,WA,7294771,Washington,Wash.,WA
2016,WI,5772628,Wisconsin,Wis.,WI
2016,WV,1831023,West Virginia,W.Va.,WV
2016,WY,584215,Wyoming,Wyo.,WY
2017,AK,739700,Alaska,Alaska,AK
2017,AL,4874486,Alabama,Ala.,AL
2017,AR,3001345,Arkansas,Ark.,AR
2017,AZ,7044008,Arizona,Ariz.,AZ
2017,CA,39358497,California,Calif.,CA
2017,CO,5611885,Colorado,Colo.,CO
2017,CT,3573297,Connecticut,Conn.,CT
2017,DC,694906,District of Columbia,D.C.,DC
2017,DE,956823,Delaware,Del.,DE
2017,FL,20963613,Florida,Fla.,FL
2017,GA,10410330,Georgia,Ga.,GA
2017,HI,1424393,Hawaii,Hawaii,HI
2017,IA,3141550,Iowa,Iowa,IA
2017,ID,1717715,Idaho,Idaho,ID
2017,IL,12778828,Illinois,Ill.,IL
2017,IN,6658078,Indiana,Ind.,IN
2017,KS,2908718,Kansas,Kans.,KS
2017,KY,4452268,Kentucky,Ky.,KY
2017,LA,4670560,Louisiana,La.,LA
2017,MA,6859789,Massachusetts,Mass.,MA
2017,MD,6023868,Maryland,Md.,MD
2017,ME,1334612,Maine,Maine,ME
2017,MI,9973114,Michigan,Mich.,MI
2017,MN,5566230,Minnesota,Minn.,MN
2017,MO,6106670,Missouri,Mo.,MO
2017,MS,2988510,Mississippi,Miss.,MS
2017,MT,1052482,Montana,Mont.,MT
2017,NC,10268233,North Carolina,N.C.,NC
2017,ND,754942,North Dakota,N.D.,ND
2017,NE,1915947,Nebraska,Nebr.,NE
2017,NH,1348787,New Hampshire,N.H.,NH
2017,NJ,8885525,New Jersey,N.J.,NJ
2017,NM,2091784,New Mexico,N.M.,NM
2017,NV,2969905,Nevada,Nev.,NV
2017,NY,19589572,New York,N.Y.,NY
2017,OH,11659650,Ohio,Ohio,OH
2017,OK,3931316,Oklahoma,Okla.,OK
2017,OR,4143625,Oregon,Ore.,OR
2017,PA,12787641,Pennsylvania,Pa.,PA
2017,RI,1055673,Rhode Island,R.I.,RI
2017,SC,5021268,South Carolina,S.C.,SC
2017,SD,872868,South Dakota,S.D.,SD
2017,TN,6708799,Tennessee,Tenn.,TN
2017,TX,28295273,Texas,Tex.,TX
2017,UT,3101042,Utah,Utah,UT
2017,VA,8463587,Virginia,Va.,VA
2017,VT,624344,Vermont,Vt.,VT
2017,WA,7423362,Washington,Wash.,WA
2017,WI,5790186,Wisconsin,Wis.,WI
2017,WV,1817004,West Virginia,W.Va.,WV
2017,WY,578931,Wyoming,Wyo.,WY
2018,AK,735139,Alaska,Alaska,AK
2018,AL,4887681,Alabama,Ala.,AL
2018,AR,3009733,Arkansas,Ark.,AR
2018,AZ,7158024,Arizona,Ariz.,AZ
2018,CA,39461588,California,Calif.,CA
2018,CO,5691287,Colorado,Colo.,CO
2018,CT,3571520,Connecticut,Conn.,CT
2018,DC,701547,District of Columbia,D.C.,DC
2018,DE,965479,Delaware,Del.,DE
2018,FL,21244317,Florida,Fla.,FL
2018,GA,10511131,Georgia,Ga.,GA
2018,HI,1420593,Hawaii,Hawaii,HI
2018,IA,3148618,Iowa,Iowa,IA
2018,ID,1750536,Idaho,Idaho,ID
2018,IL,12723071,Illinois,Ill.,IL
2018,IN,6695497,Indiana,Ind.,IN
2018,KS,2911359,Kansas,Kans.,KS
2018,KY,4461153,Kentucky,Ky.,KY
2018,LA,4659690,Louisiana,La.,LA
2018,MA,6882635,Massachusetts,Mass.,MA
2018,MD,6035802,Maryland,Md.,MD
2018,ME,1339057,Maine,Maine,ME
2018,MI,9984072,Michigan,Mich.,MI
2018,MN,5606249,Minnesota,Minn.,MN
2018,MO,6121623,Missouri,Mo.,MO
2018,MS,2981020,Mississippi,Miss.,MS
2018,MT,1060665,Montana,Mont.,MT
2018,NC,10381615,North Carolina,N.C.,NC
2018,ND,758080,North Dakota,N.D.,ND
2018,NE,1925614,Nebraska,Nebr.,NE
2018,NH,1353465,New Hampshire,N.H.,NH
2018,NJ,8886025,New Jersey,N.J.,NJ
2018,NM,2092741,New Mexico,N.M.,NM
2018,NV,3027341,Nevada,Nev.,NV
2018,NY,19530351,New York,N.Y.,NY
2018,OH,11676341,Ohio,Ohio,OH
2018,OK,3940235,Oklahoma,Okla.,OK
2018,OR,4181886,Oregon,Ore.,OR
2018,PA,12800922,Pennsylvania,Pa.,PA
2018,RI,1058287,Rhode Island,R.I.,RI
2018,SC,5084156,South Carolina,S.C.,SC
2018,SD,878698,South Dakota,S.D.,SD
2018,TN,6771631,Tennessee,Tenn.,TN
2018,TX,28628666,Texas,Tex.,TX
2018,UT,3153550,Utah,Utah,UT
2018,VA,8501286,Virginia,Va.,VA
2018,VT,624358,Vermont,Vt.,VT
2018,WA,7523869,Washington,Wash.,WA
2018,WI,5807406,Wisconsin,Wis.,WI
2018,WV,1804291,West Virginia,W.Va.,WV
2018,WY,577601,Wyoming,Wyo.,WY
2019,AK,731545,Alaska,Alaska,AK
2019,AL,4903185,Alabama,Ala.,AL
2019,AR,3017804,Arkansas,Ark.,AR
2019,AZ,7278717,Arizona,Ariz.,AZ
2019,CA,39512223,California,Calif.,CA
2019,CO,5758736,Colorado,Colo.,CO
2019,CT,3565287,Connecticut,Conn.,CT
2019,DC,705749,District of Columbia,D.C.,DC
2019,DE,973764,Delaware,Del.,DE
2019,FL,21477737,Florida,Fla.,FL
2019,GA,10617423,Georgia,Ga.,GA
2019,HI,1415872,Hawaii,Hawaii,HI
2019,IA,3155070,Iowa,Iowa,IA
2019,ID,1787065,Idaho,Idaho,ID
2019,IL,12671821,Illinois,Ill.,IL
2019,IN,6732219,Indiana,Ind.,IN
2019,KS,2913314,Kansas,Kans.,KS
2019,KY,4467673,Kentucky,Ky.,KY
2019,LA,4648794,Louisiana,La.,LA
2019,MA,6892503,Massachusetts,Mass.,MA
2019,MD,6045680,Maryland,Md.,MD
2019,ME,1344212,Maine,Maine,ME
2019,MI,9986857,Michigan,Mich.,MI
2019,MN,5639632,Minnesota,Minn.,MN
2019,MO,6137428,Missouri,Mo.,MO
2019,MS,2976149,Mississippi,Miss.,MS
2019,MT,1068778,Montana,Mont.,MT
2019,NC,10488084,North Carolina,N.C.,NC
2019,ND,762062,North Dakota,N.D.,ND
2019,NE,1934408,Nebraska,Nebr.,NE
2019,NH,1359711,New Hampshire,N.H.,NH
2019,NJ,8882190,New Jersey,N.J.,NJ
2019,NM,2096829,New Mexico,N.M.,NM
2019,NV,3080156,Nevada,Nev.,NV
2019,NY,19453561,New York,N.Y.,NY
2019,OH,11689100,Ohio,Ohio,OH
2019,OK,3956971,Oklahoma,Okla.,OK
2019,OR,4217737,Oregon,Ore.,OR
2019,PA,12801989,Pennsylvania,Pa.,PA
2019,RI,1059361,Rhode Island,R.I.,RI
2019,SC,5148714,South Carolina,S.C.,SC
2019,SD,884659,South Dakota,S.D.,SD
2019,TN,6829174,Tennessee,Tenn.,TN
2019,TX,28995881,Texas,Tex.,TX
2019,UT,3205958,Utah,Utah,UT
2019,VA,8535519,Virginia,Va.,VA
2019,VT,623989,Vermont,Vt.,VT
2019,WA,7614893,Washington,Wash.,WA
2019,WI,5822434,Wisconsin,Wis.,WI
2019,WV,1792147,West Virginia,W.Va.,WV
2019,WY,578759,Wyoming,Wyo.,WY
